Model,Seed,Test_ROC_AUC,Test_PR_AUC,Test_Macro_F1,Val_ROC_AUC,Gate_Graph,Gate_Text,Gate_Desc,Gate_SEG,Gate_Entropy_Mean,Gate_Min_Mean,Stop_Epoch
ChebNet (TAME),429,0.8447463768115941,0.8817483570582318,0.7660818713450293,0.7071783937455579,nan,nan,nan,nan,nan,nan,50
ChebNet (TAME),922,0.8184782608695652,0.8551254338978902,0.7610384943628442,0.7114427860696517,nan,nan,nan,nan,nan,nan,58
ChebNet (TAME),979,0.8344202898550726,0.8839876170804793,0.7471988795518207,0.7082444918265813,nan,nan,nan,nan,nan,nan,40
ChebNet (TAME),445,0.7867753623188406,0.8305106282171062,0.6644591611479029,0.699182658137882,nan,nan,nan,nan,nan,nan,37
ChebNet (TAME),419,0.8108695652173913,0.8628584873427064,0.7322855981574312,0.7215707178393747,nan,nan,nan,nan,nan,nan,65
ChebNet (TAME),739,0.8199275362318841,0.874213267298359,0.7200736648250461,0.7254797441364605,nan,nan,nan,nan,nan,nan,38
ChebNet (TAME),148,0.8221014492753623,0.8665832694634796,0.7633346679122737,0.7162402274342573,nan,nan,nan,nan,nan,nan,35
ChebNet (TAME),315,0.8096014492753624,0.8581165462075102,0.6947791164658634,0.7133972992181947,nan,nan,nan,nan,nan,nan,42
ChebNet (TAME),156,0.8211956521739131,0.8792005602595152,0.733099209833187,0.7157071783937454,nan,nan,nan,nan,nan,nan,64
ChebNet (TAME),656,0.8168478260869564,0.8546971757284212,0.733099209833187,0.7082444918265813,nan,nan,nan,nan,nan,nan,32
ChebNet (TAME),169,0.827536231884058,0.8800020018286252,0.6973160173160173,0.7178393745557925,nan,nan,nan,nan,nan,nan,32
ChebNet (TAME),475,0.7969202898550725,0.8614166003809534,0.6104764800416974,0.7073560767590619,nan,nan,nan,nan,nan,nan,50
ChebNet (TAME),392,0.8264492753623187,0.8686996304229357,0.7424647761726413,0.7169509594882729,nan,nan,nan,nan,nan,nan,35
ChebNet (TAME),763,0.8398550724637682,0.8864404813266615,0.750874861572536,0.720682302771855,nan,nan,nan,nan,nan,nan,43
ChebNet (TAME),359,0.7994565217391304,0.8513603146295742,0.6769464324441552,0.7139303482587065,nan,nan,nan,nan,nan,nan,47
ChebNet (TAME),633,0.8115942028985508,0.8767874403132542,0.6764974156278504,0.7114427860696517,nan,nan,nan,nan,nan,nan,58
ChebNet (TAME),824,0.8052536231884058,0.8642185033752187,0.670995670995671,0.7240582800284293,nan,nan,nan,nan,nan,nan,59
ChebNet (TAME),183,0.8056159420289856,0.8571540167339757,0.7023887220989427,0.7014925373134329,nan,nan,nan,nan,nan,nan,43
ChebNet (TAME),830,0.8398550724637682,0.8811072643895186,0.7446507515473033,0.7030916844349681,nan,nan,nan,nan,nan,nan,29
ChebNet (TAME),963,0.8168478260869565,0.8562287292996734,0.7446507515473033,0.7151741293532339,nan,nan,nan,nan,nan,nan,38
ChebNet (TAME),212,0.8324275362318841,0.8821979851796478,0.7384282751621585,0.7098436389481166,nan,nan,nan,nan,nan,nan,31
ChebNet (TAME),886,0.8224637681159419,0.8759495548778502,0.7541850605358627,0.7276119402985075,nan,nan,nan,nan,nan,nan,52
ChebNet (TAME),846,0.8355072463768116,0.867978998766148,0.7535579174923437,0.6949182658137882,nan,nan,nan,nan,nan,nan,17
ChebNet (TAME),118,0.7913043478260869,0.8469191733122177,0.6305555555555555,0.7197938877043356,nan,nan,nan,nan,nan,nan,30
ChebNet (TAME),158,0.806159420289855,0.8514402923826123,0.6431924882629108,0.7110874200426439,nan,nan,nan,nan,nan,nan,49
ChebNet (TAME),771,0.8085144927536232,0.829769813347535,0.7424647761726413,0.73045486851457,nan,nan,nan,nan,nan,nan,40
ChebNet (TAME),772,0.8081521739130435,0.8618217415288718,0.6841558441558442,0.7112651030561478,nan,nan,nan,nan,nan,nan,30
ChebNet (TAME),184,0.8146739130434782,0.8661070944268837,0.6960528603721092,0.7022032693674485,nan,nan,nan,nan,nan,nan,35
ChebNet (TAME),722,0.7942028985507246,0.8518610958005645,0.6764974156278504,0.6958066808813078,nan,nan,nan,nan,nan,nan,39
ChebNet (TAME),140,0.8159420289855073,0.8695406477068548,0.6841558441558442,0.7000710732054015,nan,nan,nan,nan,nan,nan,61
ChebNet (TAME),239,0.8010869565217391,0.860841305596588,0.6837177041789493,0.7119758351101635,nan,nan,nan,nan,nan,nan,59
ChebNet (TAME),518,0.8338768115942029,0.8796370212434974,0.7446507515473033,0.7093105899076049,nan,nan,nan,nan,nan,nan,37
ChebNet (TAME),690,0.793659420289855,0.8538949812662482,0.6897016027450811,0.7006041222459133,nan,nan,nan,nan,nan,nan,45
ChebNet (TAME),480,0.8117753623188406,0.8696351656370783,0.6842105263157895,0.7290334044065387,nan,nan,nan,nan,nan,nan,40
ChebNet (TAME),507,0.8041666666666667,0.853591448449658,0.7092679533994088,0.7059346126510306,nan,nan,nan,nan,nan,nan,52
ChebNet (TAME),287,0.8407608695652173,0.8811793155972973,0.7768584011744295,0.7162402274342573,nan,nan,nan,nan,nan,nan,56
ChebNet (TAME),875,0.8146739130434782,0.8319021093013259,0.7521739130434782,0.6927860696517413,nan,nan,nan,nan,nan,nan,36
ChebNet (TAME),720,0.8208333333333333,0.8564223842236314,0.7455357142857143,0.6956289978678039,nan,nan,nan,nan,nan,nan,17
ChebNet (TAME),596,0.8036231884057972,0.839098421473474,0.7029057898623117,0.7181947405828002,nan,nan,nan,nan,nan,nan,52
ChebNet (TAME),759,0.8349637681159421,0.877616204289889,0.7541850605358627,0.7261904761904762,nan,nan,nan,nan,nan,nan,41
ChebNet (TAME),932,0.8280797101449275,0.8693622255072956,0.6965277777777779,0.7022032693674485,nan,nan,nan,nan,nan,nan,32
ChebNet (TAME),835,0.8043478260869564,0.8449229055172555,0.7597434855258998,0.7226368159203981,nan,nan,nan,nan,nan,nan,50
ChebNet (TAME),523,0.8329710144927536,0.8755779511848901,0.7527151211361738,0.6998933901918977,nan,nan,nan,nan,nan,nan,26
ChebNet (TAME),385,0.8148550724637681,0.871279951263518,0.703626673599376,0.6961620469083156,nan,nan,nan,nan,nan,nan,25
ChebNet (TAME),412,0.8067028985507246,0.8654977050718105,0.6897016027450811,0.6958066808813077,nan,nan,nan,nan,nan,nan,36
ChebNet (TAME),464,0.8023550724637681,0.8476639056767572,0.6643429313704265,0.7096659559346126,nan,nan,nan,nan,nan,nan,55
ChebNet (TAME),620,0.7961956521739131,0.8520483498819558,0.673548104317335,0.7059346126510305,nan,nan,nan,nan,nan,nan,27
ChebNet (TAME),65,0.8119565217391305,0.856856960523987,0.731211317418214,0.714818763326226,nan,nan,nan,nan,nan,nan,34
ChebNet (TAME),695,0.8327898550724638,0.884785897377437,0.7177718832891247,0.7084221748400853,nan,nan,nan,nan,nan,nan,52
ChebNet (TAME),222,0.7918478260869565,0.8340175655796118,0.7080495896629999,0.7139303482587065,nan,nan,nan,nan,nan,nan,74
ChebNet (TAME),591,0.8128623188405798,0.8562815782330356,0.7338935574229692,0.7052238805970149,nan,nan,nan,nan,nan,nan,50
ChebNet (TAME),893,0.8338768115942029,0.8855965466477304,0.7597892888498683,0.7196162046908314,nan,nan,nan,nan,nan,nan,42
ChebNet (TAME),959,0.8255434782608695,0.8490326628915774,0.7684587813620072,0.7121535181236673,nan,nan,nan,nan,nan,nan,38
ChebNet (TAME),353,0.8340579710144927,0.8890332737376249,0.7518422097692274,0.73045486851457,nan,nan,nan,nan,nan,nan,52
ChebNet (TAME),422,0.8048913043478261,0.8562896942826734,0.6833333333333333,0.6972281449893389,nan,nan,nan,nan,nan,nan,56
ChebNet (TAME),450,0.8019927536231883,0.8542809072100882,0.6842105263157895,0.6844349680170576,nan,nan,nan,nan,nan,nan,34
ChebNet (TAME),856,0.8152173913043478,0.873605043942383,0.7282755613690866,0.6961620469083155,nan,nan,nan,nan,nan,nan,65
ChebNet (TAME),471,0.7996376811594202,0.8515930677418114,0.7337286080043122,0.7229921819474058,nan,nan,nan,nan,nan,nan,46
ChebNet (TAME),672,0.7956521739130435,0.8492942609508175,0.7092679533994088,0.6961620469083155,nan,nan,nan,nan,nan,nan,25
ChebNet (TAME),713,0.8288043478260869,0.8754209002803501,0.6444906444906444,0.6995380241648897,nan,nan,nan,nan,nan,nan,38
ChebNet (TAME),373,0.8139492753623188,0.8713231872652738,0.7446507515473033,0.7169509594882728,nan,nan,nan,nan,nan,nan,44
ChebNet (TAME),342,0.790036231884058,0.8383379051309237,0.6815086432687271,0.6993603411513859,nan,nan,nan,nan,nan,nan,59
ChebNet (TAME),698,0.802355072463768,0.8346465881957721,0.7535579174923437,0.687633262260128,nan,nan,nan,nan,nan,nan,18
ChebNet (TAME),74,0.8326086956521739,0.8539252635463682,0.7675948663299819,0.7068230277185501,nan,nan,nan,nan,nan,nan,31
ChebNet (TAME),636,0.8148550724637681,0.8733588318899688,0.6772823779193206,0.7089552238805971,nan,nan,nan,nan,nan,nan,32
ChebNet (TAME),681,0.8168478260869565,0.8612169997709385,0.7268463730002191,0.7032693674484719,nan,nan,nan,nan,nan,nan,67
ChebNet (TAME),776,0.8416666666666667,0.8617192923510713,0.7846336669866082,0.7091329068941009,nan,nan,nan,nan,nan,nan,20
ChebNet (TAME),78,0.8117753623188406,0.8671808577322576,0.703626673599376,0.7139303482587065,nan,nan,nan,nan,nan,nan,32
ChebNet (TAME),260,0.7927536231884057,0.8437463083222951,0.7205882352941176,0.7157071783937456,nan,nan,nan,nan,nan,nan,27
ChebNet (TAME),96,0.8275362318840579,0.876015233882319,0.7518422097692274,0.7171286425017769,nan,nan,nan,nan,nan,nan,41
ChebNet (TAME),918,0.819927536231884,0.8594359720864022,0.7224830464267084,0.7029140014214641,nan,nan,nan,nan,nan,nan,29
ChebNet (TAME),714,0.816304347826087,0.8597741304080935,0.7758212290502793,0.7366737739872068,nan,nan,nan,nan,nan,nan,72
ChebNet (TAME),42,0.8018115942028985,0.8588826923023958,0.6637605725439166,0.7116204690831556,nan,nan,nan,nan,nan,nan,51
ChebNet (TAME),778,0.8014492753623188,0.8515920730519936,0.7126148705096074,0.7070007107320541,nan,nan,nan,nan,nan,nan,56
ChebNet (TAME),660,0.8228260869565217,0.8784013453781632,0.7597434855258998,0.7066453447050463,nan,nan,nan,nan,nan,nan,58
ChebNet (TAME),431,0.8143115942028986,0.8635085670102338,0.6776176254166126,0.7151741293532339,nan,nan,nan,nan,nan,nan,52
ChebNet (TAME),804,0.842391304347826,0.8823421986592985,0.7580901856763926,0.7029140014214641,nan,nan,nan,nan,nan,nan,55
ChebNet (TAME),186,0.8106884057971014,0.8534803031783338,0.7219512195121951,0.6997157071783937,nan,nan,nan,nan,nan,nan,31
ChebNet (TAME),347,0.8355072463768115,0.8771963993011469,0.7135218058294981,0.7045131485429993,nan,nan,nan,nan,nan,nan,36
ChebNet (TAME),60,0.8344202898550726,0.8482699020263625,0.7622346368715084,0.7027363184079602,nan,nan,nan,nan,nan,nan,52
ChebNet (TAME),86,0.7958333333333334,0.8501952898091578,0.6904545257593483,0.6966950959488274,nan,nan,nan,nan,nan,nan,25
ChebNet (TAME),461,0.847463768115942,0.8863301523830717,0.7778073089700996,0.7286780383795308,nan,nan,nan,nan,nan,nan,76
ChebNet (TAME),889,0.8175724637681159,0.8412907995196403,0.7684587813620072,0.7077114427860697,nan,nan,nan,nan,nan,nan,58
ChebNet (TAME),397,0.8331521739130434,0.8774538974282029,0.7471988795518207,0.7020255863539445,nan,nan,nan,nan,nan,nan,47
ChebNet (TAME),309,0.7927536231884058,0.8514823108116898,0.6907760896853222,0.7308102345415779,nan,nan,nan,nan,nan,nan,90
ChebNet (TAME),798,0.7905797101449277,0.8504421484509798,0.6973684210526315,0.7105543710021323,nan,nan,nan,nan,nan,nan,75
ChebNet (TAME),594,0.8117753623188405,0.8692176158651534,0.6776176254166126,0.7130419331911868,nan,nan,nan,nan,nan,nan,46
ChebNet (TAME),643,0.8105072463768116,0.862776906464732,0.683991683991684,0.7288557213930348,nan,nan,nan,nan,nan,nan,78
ChebNet (TAME),455,0.8182971014492754,0.8596979851380774,0.7338935574229692,0.6780383795309168,nan,nan,nan,nan,nan,nan,38
ChebNet (TAME),723,0.8161231884057971,0.8636198465571717,0.7080495896629999,0.6998933901918977,nan,nan,nan,nan,nan,nan,60
ChebNet (TAME),964,0.7952898550724637,0.8548538678595103,0.7023887220989427,0.6908315565031983,nan,nan,nan,nan,nan,nan,34
ChebNet (TAME),335,0.7855072463768116,0.8368687717452767,0.7166193181818181,0.7082444918265813,nan,nan,nan,nan,nan,nan,55
ChebNet (TAME),716,0.8190217391304349,0.8742372657386637,0.7259816207184628,0.7009594882729211,nan,nan,nan,nan,nan,nan,75
ChebNet (TAME),127,0.801268115942029,0.857666212590853,0.6776176254166126,0.6968727789623312,nan,nan,nan,nan,nan,nan,19
ChebNet (TAME),669,0.7891304347826087,0.8542954546769018,0.6775059536696255,0.7018479033404406,nan,nan,nan,nan,nan,nan,47
ChebNet (TAME),323,0.8010869565217391,0.8500325440966918,0.7219512195121951,0.7055792466240227,nan,nan,nan,nan,nan,nan,47
ChebNet (TAME),81,0.8130434782608694,0.8734916172139171,0.683991683991684,0.7016702203269368,nan,nan,nan,nan,nan,nan,39
ChebNet (TAME),553,0.8061594202898551,0.8466362122165771,0.7087108013937282,0.7000710732054015,nan,nan,nan,nan,nan,nan,35
ChebNet (TAME),414,0.7903985507246376,0.8418257720136832,0.6772823779193206,0.7082444918265813,nan,nan,nan,nan,nan,nan,54
ChebNet (TAME),819,0.814855072463768,0.8549374636070152,0.7188160676532769,0.7025586353944562,nan,nan,nan,nan,nan,nan,42
ChebNet (Fusion),429,0.8215579710144927,0.8707122906606988,0.6513006968791932,0.7084221748400854,nan,nan,nan,nan,nan,nan,41
ChebNet (Fusion),922,0.8346014492753623,0.8649794509728095,0.6841558441558442,0.7032693674484719,nan,nan,nan,nan,nan,nan,12
ChebNet (Fusion),979,0.8268115942028985,0.8868217868214098,0.7489132324813076,0.7441364605543709,nan,nan,nan,nan,nan,nan,25
ChebNet (Fusion),445,0.8059782608695653,0.8400142286147673,0.6089819053847831,0.7263681592039801,nan,nan,nan,nan,nan,nan,24
ChebNet (Fusion),419,0.7869565217391304,0.8542697009867307,0.6573608461938616,0.7038024164889836,nan,nan,nan,nan,nan,nan,7
ChebNet (Fusion),739,0.7934782608695652,0.8443059751318428,0.7023887220989427,0.7306325515280739,nan,nan,nan,nan,nan,nan,18
ChebNet (Fusion),148,0.8202898550724639,0.8746989272664984,0.6901322923443938,0.7293887704335467,nan,nan,nan,nan,nan,nan,9
ChebNet (Fusion),315,0.8231884057971015,0.8682884193890654,0.64375,0.7283226723525231,nan,nan,nan,nan,nan,nan,12
ChebNet (Fusion),156,0.8322463768115942,0.8809570379006116,0.7161099769795423,0.7109097370291401,nan,nan,nan,nan,nan,nan,6
ChebNet (Fusion),656,0.8135869565217391,0.8578043334927231,0.6637605725439166,0.7222814498933902,nan,nan,nan,nan,nan,nan,13
ChebNet (Fusion),169,0.8300724637681159,0.8463282589047084,0.6511799090712276,0.7080668088130775,nan,nan,nan,nan,nan,nan,25
ChebNet (Fusion),475,0.8418478260869565,0.8940439926801607,0.7105263157894737,0.7169509594882728,nan,nan,nan,nan,nan,nan,31
ChebNet (Fusion),392,0.8471014492753622,0.8808817334308394,0.7478610092544089,0.7064676616915423,nan,nan,nan,nan,nan,nan,13
ChebNet (Fusion),763,0.8346014492753623,0.8934052391852706,0.7038319982680235,0.7320540156361053,nan,nan,nan,nan,nan,nan,13
ChebNet (Fusion),359,0.8036231884057972,0.8477618982175142,0.6511799090712276,0.71090973702914,nan,nan,nan,nan,nan,nan,21
ChebNet (Fusion),633,0.8251811594202899,0.871299362817799,0.7092679533994088,0.6995380241648897,nan,nan,nan,nan,nan,nan,50
ChebNet (Fusion),824,0.8054347826086957,0.839940276461588,0.7213200628601362,0.6942075337597726,nan,nan,nan,nan,nan,nan,5
ChebNet (Fusion),183,0.8206521739130435,0.8751539061464244,0.6641102300792928,0.69136460554371,nan,nan,nan,nan,nan,nan,7
ChebNet (Fusion),830,0.8347826086956521,0.8713767999498876,0.670995670995671,0.7547974413646056,nan,nan,nan,nan,nan,nan,32
ChebNet (Fusion),963,0.8135869565217391,0.8680834896529777,0.6775059536696255,0.73045486851457,nan,nan,nan,nan,nan,nan,29
ChebNet (Fusion),212,0.847463768115942,0.9023705849207952,0.7236363636363636,0.763681592039801,nan,nan,nan,nan,nan,nan,9
ChebNet (Fusion),886,0.8067028985507247,0.8511476885079555,0.6973160173160173,0.724591329068941,nan,nan,nan,nan,nan,nan,22
ChebNet (Fusion),846,0.8184782608695653,0.8726538619243644,0.703934553954032,0.7231698649609096,nan,nan,nan,nan,nan,nan,6
ChebNet (Fusion),118,0.8452898550724638,0.8875061643051871,0.72884305791237,0.6918976545842217,nan,nan,nan,nan,nan,nan,37
ChebNet (Fusion),158,0.7985507246376811,0.8387154567762555,0.6705392751864054,0.7423596304193318,nan,nan,nan,nan,nan,nan,33
ChebNet (Fusion),771,0.8467391304347825,0.8817055536480077,0.7236842105263158,0.7356076759061834,nan,nan,nan,nan,nan,nan,8
ChebNet (Fusion),772,0.8168478260869566,0.8616408689843033,0.7029057898623117,0.6625799573560768,nan,nan,nan,nan,nan,nan,16
ChebNet (Fusion),184,0.8293478260869566,0.8728005008468473,0.7276104724856856,0.7372068230277186,nan,nan,nan,nan,nan,nan,45
ChebNet (Fusion),722,0.841304347826087,0.892400428820719,0.7229166666666667,0.7370291400142146,nan,nan,nan,nan,nan,nan,50
ChebNet (Fusion),140,0.8179347826086957,0.861647731770049,0.6641102300792928,0.6647121535181237,nan,nan,nan,nan,nan,nan,24
ChebNet (Fusion),239,0.7960144927536232,0.8249753063643341,0.6776176254166126,0.7265458422174841,nan,nan,nan,nan,nan,nan,5
ChebNet (Fusion),518,0.8498188405797101,0.8933095061590082,0.7097222222222221,0.7329424307036246,nan,nan,nan,nan,nan,nan,20
ChebNet (Fusion),690,0.8273550724637682,0.8816073651394519,0.6769464324441552,0.6908315565031983,nan,nan,nan,nan,nan,nan,9
ChebNet (Fusion),480,0.8425724637681159,0.8962426514695625,0.7167988214394038,0.6995380241648897,nan,nan,nan,nan,nan,nan,26
ChebNet (Fusion),507,0.7746376811594203,0.8181334227514527,0.6513006968791932,0.7288557213930349,nan,nan,nan,nan,nan,nan,37
ChebNet (Fusion),287,0.8454710144927536,0.8775493736742114,0.703626673599376,0.734363894811656,nan,nan,nan,nan,nan,nan,15
ChebNet (Fusion),875,0.8695652173913043,0.9112004735529063,0.7431431171194594,0.7526652452025586,nan,nan,nan,nan,nan,nan,24
ChebNet (Fusion),720,0.7992753623188406,0.8597013737917112,0.6973684210526315,0.7128642501776831,nan,nan,nan,nan,nan,nan,6
ChebNet (Fusion),596,0.8340579710144927,0.8850168256525357,0.7401709401709402,0.757818052594172,nan,nan,nan,nan,nan,nan,18
ChebNet (Fusion),759,0.8396739130434783,0.8947336002318502,0.7250143405550897,0.7176616915422886,nan,nan,nan,nan,nan,nan,9
ChebNet (Fusion),932,0.885144927536232,0.9177903695080702,0.7420702258190837,0.7356076759061834,nan,nan,nan,nan,nan,nan,10
ChebNet (Fusion),835,0.775,0.7947696493420744,0.6776176254166126,0.7194385216773277,nan,nan,nan,nan,nan,nan,24
ChebNet (Fusion),523,0.8342391304347826,0.884911232078583,0.6904545257593483,0.7174840085287847,nan,nan,nan,nan,nan,nan,24
ChebNet (Fusion),385,0.8518115942028985,0.8910026279031464,0.7560192616372392,0.7295664534470504,nan,nan,nan,nan,nan,nan,30
ChebNet (Fusion),412,0.8539855072463769,0.8948281609703772,0.6564075812902104,0.7388059701492538,nan,nan,nan,nan,nan,nan,13
ChebNet (Fusion),464,0.8382246376811594,0.8892733129006711,0.755722538331234,0.7146410803127221,nan,nan,nan,nan,nan,nan,10
ChebNet (Fusion),620,0.8159420289855073,0.871739042454392,0.7165040121448709,0.7279673063255153,nan,nan,nan,nan,nan,nan,54
ChebNet (Fusion),65,0.7967391304347825,0.8688397424484757,0.6564075812902104,0.7061122956645345,nan,nan,nan,nan,nan,nan,54
ChebNet (Fusion),695,0.8539855072463768,0.9030281926983488,0.7165040121448709,0.7073560767590619,nan,nan,nan,nan,nan,nan,9
ChebNet (Fusion),222,0.8347826086956524,0.8873454742935536,0.7322057787174067,0.7229921819474058,nan,nan,nan,nan,nan,nan,8
ChebNet (Fusion),591,0.8125,0.861985790947298,0.7484320557491289,0.7125088841506751,nan,nan,nan,nan,nan,nan,9
ChebNet (Fusion),893,0.7820652173913043,0.8475721703116312,0.620249835634451,0.6997157071783936,nan,nan,nan,nan,nan,nan,7
ChebNet (Fusion),959,0.8077898550724637,0.8545226058847438,0.7033181522446323,0.728500355366027,nan,nan,nan,nan,nan,nan,7
ChebNet (Fusion),353,0.8494565217391304,0.8980512512437576,0.7401709401709402,0.7197938877043355,nan,nan,nan,nan,nan,nan,9
ChebNet (Fusion),422,0.827536231884058,0.8855481597825643,0.7229166666666667,0.7375621890547264,nan,nan,nan,nan,nan,nan,9
ChebNet (Fusion),450,0.8074275362318841,0.8639660876521836,0.7161099769795423,0.7471570717839374,nan,nan,nan,nan,nan,nan,10
ChebNet (Fusion),856,0.8664855072463769,0.8991239243183845,0.7415304120340092,0.6977611940298507,nan,nan,nan,nan,nan,nan,22
ChebNet (Fusion),471,0.8409420289855072,0.874724146117689,0.7415304120340092,0.7444918265813788,nan,nan,nan,nan,nan,nan,18
ChebNet (Fusion),672,0.7940217391304348,0.8329735466201476,0.7087108013937282,0.7309879175550817,nan,nan,nan,nan,nan,nan,32
ChebNet (Fusion),713,0.8166666666666668,0.8717241790388729,0.7197541703248463,0.7075337597725658,nan,nan,nan,nan,nan,nan,46
ChebNet (Fusion),373,0.8748188405797102,0.9122350266121875,0.7547852626989318,0.7158848614072495,nan,nan,nan,nan,nan,nan,25
ChebNet (Fusion),342,0.8552536231884058,0.8894270967440743,0.7605042016806722,0.7222814498933902,nan,nan,nan,nan,nan,nan,37
ChebNet (Fusion),698,0.8581521739130434,0.9042997224404721,0.7744019556486816,0.7341862117981521,nan,nan,nan,nan,nan,nan,26
ChebNet (Fusion),74,0.8355072463768116,0.8836163610761105,0.7188160676532769,0.7277896233120114,nan,nan,nan,nan,nan,nan,12
ChebNet (Fusion),636,0.8094202898550725,0.847877138070178,0.7597892888498683,0.6760838663823737,nan,nan,nan,nan,nan,nan,66
ChebNet (Fusion),681,0.6922101449275362,0.7657849027025536,0.355021216407355,0.7098436389481165,nan,nan,nan,nan,nan,nan,2
ChebNet (Fusion),776,0.8920289855072463,0.9220436198632613,0.7236363636363636,0.7141080312722103,nan,nan,nan,nan,nan,nan,16
ChebNet (Fusion),78,0.8396739130434783,0.8803903982504887,0.7167988214394038,0.7336531627576405,nan,nan,nan,nan,nan,nan,13
ChebNet (Fusion),260,0.8117753623188406,0.8581313117389472,0.7408977665107741,0.7308102345415779,nan,nan,nan,nan,nan,nan,17
ChebNet (Fusion),96,0.8217391304347826,0.8768409800268693,0.6772823779193206,0.7009594882729211,nan,nan,nan,nan,nan,nan,47
ChebNet (Fusion),918,0.7894927536231884,0.8448069791608586,0.7100745621640367,0.7070007107320541,nan,nan,nan,nan,nan,nan,7
ChebNet (Fusion),714,0.8358695652173913,0.8680551373505295,0.7408977665107741,0.7276119402985075,nan,nan,nan,nan,nan,nan,12
ChebNet (Fusion),42,0.8132246376811594,0.8690826769683342,0.6708246708246708,0.7329424307036247,nan,nan,nan,nan,nan,nan,13
ChebNet (Fusion),778,0.8014492753623188,0.8625636390620882,0.703626673599376,0.7336531627576404,nan,nan,nan,nan,nan,nan,8
ChebNet (Fusion),660,0.8391304347826086,0.8806264686723531,0.7571022727272727,0.7080668088130775,nan,nan,nan,nan,nan,nan,8
ChebNet (Fusion),431,0.8130434782608696,0.8701610130700119,0.7156158900056564,0.742004264392324,nan,nan,nan,nan,nan,nan,22
ChebNet (Fusion),804,0.7999999999999999,0.8672584069179008,0.6368848542761587,0.7100213219616205,nan,nan,nan,nan,nan,nan,17
ChebNet (Fusion),186,0.8402173913043478,0.873813777490237,0.7103257103257103,0.7571073205401563,nan,nan,nan,nan,nan,nan,16
ChebNet (Fusion),347,0.8114130434782609,0.8622780633498226,0.6981864713409522,0.7068230277185501,nan,nan,nan,nan,nan,nan,18
ChebNet (Fusion),60,0.8664855072463767,0.9002854404510365,0.7236363636363636,0.6954513148543,nan,nan,nan,nan,nan,nan,11
ChebNet (Fusion),86,0.865036231884058,0.9072010371097718,0.6906689759688245,0.7066453447050461,nan,nan,nan,nan,nan,nan,51
ChebNet (Fusion),461,0.8384057971014492,0.8576025341533773,0.7425183512140034,0.7253020611229567,nan,nan,nan,nan,nan,nan,17
ChebNet (Fusion),889,0.8592391304347825,0.9067670743285423,0.7366597366597367,0.7576403695806682,nan,nan,nan,nan,nan,nan,13
ChebNet (Fusion),397,0.8385869565217391,0.8785006377389916,0.683991683991684,0.7469793887704336,nan,nan,nan,nan,nan,nan,24
ChebNet (Fusion),309,0.8204710144927536,0.868287023158623,0.7350614525139665,0.7057569296375267,nan,nan,nan,nan,nan,nan,22
ChebNet (Fusion),798,0.7644927536231884,0.8207475349936096,0.7064091308165057,0.7524875621890547,nan,nan,nan,nan,nan,nan,25
ChebNet (Fusion),594,0.8172101449275362,0.8878384815277454,0.7484320557491289,0.722636815920398,nan,nan,nan,nan,nan,nan,12
ChebNet (Fusion),643,0.8588768115942029,0.9069151913385212,0.7428757319453481,0.7242359630419332,nan,nan,nan,nan,nan,nan,12
ChebNet (Fusion),455,0.8721014492753623,0.9134310991038859,0.7580901856763926,0.7370291400142146,nan,nan,nan,nan,nan,nan,11
ChebNet (Fusion),723,0.8088768115942028,0.8544785532079924,0.6904545257593483,0.7196162046908315,nan,nan,nan,nan,nan,nan,27
ChebNet (Fusion),964,0.8092391304347826,0.8659916947691907,0.6776176254166126,0.7219260838663824,nan,nan,nan,nan,nan,nan,13
ChebNet (Fusion),335,0.8327898550724637,0.8713578211042261,0.6644591611479029,0.6958066808813077,nan,nan,nan,nan,nan,nan,28
ChebNet (Fusion),716,0.8239130434782609,0.8759347559667597,0.66962267431751,0.759950248756219,nan,nan,nan,nan,nan,nan,59
ChebNet (Fusion),127,0.863768115942029,0.916019480511426,0.7408977665107741,0.6966950959488273,nan,nan,nan,nan,nan,nan,18
ChebNet (Fusion),669,0.841304347826087,0.8947472632803868,0.6627072183788018,0.7180170575692963,nan,nan,nan,nan,nan,nan,18
ChebNet (Fusion),323,0.8268115942028986,0.8591955198746406,0.6971586971586972,0.7260127931769722,nan,nan,nan,nan,nan,nan,43
ChebNet (Fusion),81,0.8079710144927537,0.8676007154246452,0.6815086432687271,0.7103766879886282,nan,nan,nan,nan,nan,nan,57
ChebNet (Fusion),553,0.7494565217391304,0.8142110773126539,0.6752561587093961,0.6687988628287136,nan,nan,nan,nan,nan,nan,3
ChebNet (Fusion),414,0.8340579710144927,0.8639441702753401,0.670995670995671,0.7585287846481876,nan,nan,nan,nan,nan,nan,21
ChebNet (Fusion),819,0.8391304347826087,0.8882344962690805,0.6511799090712276,0.7359630419331912,nan,nan,nan,nan,nan,nan,10
TAME (graph-only),429,0.8099637681159421,0.8474469899019708,0.7167988214394038,0.658315565031983,nan,nan,nan,nan,nan,nan,119
TAME (graph-only),922,0.7423913043478262,0.8164964562242469,0.683991683991684,0.6783937455579246,nan,nan,nan,nan,nan,nan,87
TAME (graph-only),979,0.6980072463768116,0.7549178076651967,0.3770491803278688,0.5828002842928215,nan,nan,nan,nan,nan,nan,2
TAME (graph-only),445,0.8014492753623189,0.8342627505204432,0.6904545257593483,0.6817697228144989,nan,nan,nan,nan,nan,nan,120
TAME (graph-only),419,0.773731884057971,0.8154468456781158,0.7092679533994088,0.675728500355366,nan,nan,nan,nan,nan,nan,120
TAME (graph-only),739,0.8052536231884058,0.8404113334965033,0.7224830464267084,0.671997157071784,nan,nan,nan,nan,nan,nan,120
TAME (graph-only),148,0.7916666666666667,0.8410611021303086,0.6644591611479029,0.6778606965174131,nan,nan,nan,nan,nan,nan,90
TAME (graph-only),315,0.7875,0.8526682283507171,0.6907760896853222,0.6695095948827292,nan,nan,nan,nan,nan,nan,119
TAME (graph-only),156,0.8067028985507247,0.8579813088947896,0.7038319982680235,0.6588486140724947,nan,nan,nan,nan,nan,nan,117
TAME (graph-only),656,0.7695652173913045,0.8096968640338288,0.7161099769795423,0.6855010660980809,nan,nan,nan,nan,nan,nan,117
TAME (graph-only),169,0.7768115942028986,0.8400369320687049,0.6578354978354979,0.6817697228144989,nan,nan,nan,nan,nan,nan,118
TAME (graph-only),475,0.7900362318840579,0.8550059776459282,0.6377659343992375,0.6634683724235962,nan,nan,nan,nan,nan,nan,119
TAME (graph-only),392,0.8030797101449275,0.8571101422766906,0.7038319982680235,0.6746624022743426,nan,nan,nan,nan,nan,nan,98
TAME (graph-only),763,0.6414855072463769,0.695627149291622,0.5863037752414398,0.6464108031272211,nan,nan,nan,nan,nan,nan,8
TAME (graph-only),359,0.7929347826086958,0.8598939424070831,0.6973160173160173,0.691542288557214,nan,nan,nan,nan,nan,nan,96
TAME (graph-only),633,0.8132246376811595,0.8503227830916633,0.6973160173160173,0.6597370291400143,nan,nan,nan,nan,nan,nan,114
TAME (graph-only),824,0.7786231884057971,0.8317846547194812,0.6641102300792928,0.6892324093816632,nan,nan,nan,nan,nan,nan,71
TAME (graph-only),183,0.7632246376811594,0.8266223191912175,0.703626673599376,0.6771499644633973,nan,nan,nan,nan,nan,nan,113
TAME (graph-only),830,0.8280797101449275,0.8705299516477027,0.7229166666666667,0.6661336176261549,nan,nan,nan,nan,nan,nan,120
TAME (graph-only),963,0.523731884057971,0.6447568008785518,0.4791585339405769,0.5810234541577826,nan,nan,nan,nan,nan,nan,8
TAME (graph-only),212,0.7322463768115942,0.7746440165639983,0.6513006968791932,0.6638237384506042,nan,nan,nan,nan,nan,nan,83
TAME (graph-only),886,0.8304347826086956,0.8539364152717228,0.7033181522446323,0.6673773987206822,nan,nan,nan,nan,nan,nan,117
TAME (graph-only),846,0.8266304347826087,0.8502092653148579,0.7167988214394038,0.6773276474769012,nan,nan,nan,nan,nan,nan,95
TAME (graph-only),118,0.5489130434782609,0.666510458250921,0.5330143540669856,0.6417910447761195,nan,nan,nan,nan,nan,nan,1
TAME (graph-only),158,0.5179347826086955,0.6433971980376088,0.46881720430107526,0.6579601990049752,nan,nan,nan,nan,nan,nan,7
TAME (graph-only),771,0.7434782608695651,0.8087662894056306,0.6513006968791932,0.6735963041933192,nan,nan,nan,nan,nan,nan,68
TAME (graph-only),772,0.7485507246376811,0.8253641585940263,0.6354916067146283,0.6529850746268657,nan,nan,nan,nan,nan,nan,85
TAME (graph-only),184,0.768840579710145,0.8246836069416179,0.6245937865592097,0.6755508173418622,nan,nan,nan,nan,nan,nan,120
TAME (graph-only),722,0.7496376811594202,0.7930851122196159,0.3770491803278688,0.5675195451314853,nan,nan,nan,nan,nan,nan,1
TAME (graph-only),140,0.8181159420289855,0.8643696377706162,0.7167988214394038,0.661869225302061,nan,nan,nan,nan,nan,nan,118
TAME (graph-only),239,0.7208333333333334,0.7912012511711016,0.6183549783549783,0.6844349680170576,nan,nan,nan,nan,nan,nan,77
TAME (graph-only),518,0.8090579710144927,0.8508104187716811,0.7446507515473033,0.668088130774698,nan,nan,nan,nan,nan,nan,118
TAME (graph-only),690,0.784963768115942,0.8514256181959597,0.6513006968791932,0.6753731343283582,nan,nan,nan,nan,nan,nan,104
TAME (graph-only),480,0.8230072463768117,0.8595165550573733,0.7356981394540081,0.6842572850035538,nan,nan,nan,nan,nan,nan,113
TAME (graph-only),507,0.7498188405797103,0.7994692395407349,0.6511799090712276,0.6803482587064678,nan,nan,nan,nan,nan,nan,56
TAME (graph-only),287,0.7668478260869566,0.8388869373225447,0.6644591611479029,0.6702203269367448,nan,nan,nan,nan,nan,nan,114
TAME (graph-only),875,0.7902173913043479,0.8433054062863232,0.6833333333333333,0.6695095948827293,nan,nan,nan,nan,nan,nan,120
TAME (graph-only),720,0.7878623188405797,0.832205362524155,0.6897016027450811,0.681769722814499,nan,nan,nan,nan,nan,nan,117
TAME (graph-only),596,0.6811594202898551,0.735216510063627,0.3770491803278688,0.5897299218194741,nan,nan,nan,nan,nan,nan,1
TAME (graph-only),759,0.7456521739130436,0.7946299602387492,0.6380168867720286,0.6947405828002843,nan,nan,nan,nan,nan,nan,61
TAME (graph-only),932,0.7393115942028986,0.8236358377315383,0.6511799090712276,0.6656005685856432,nan,nan,nan,nan,nan,nan,96
TAME (graph-only),835,0.788949275362319,0.8541597959194512,0.6708246708246708,0.6664889836531628,nan,nan,nan,nan,nan,nan,119
TAME (graph-only),523,0.7980072463768116,0.8614018556367817,0.6641102300792928,0.6728855721393034,nan,nan,nan,nan,nan,nan,120
TAME (graph-only),385,0.7768115942028986,0.8567543356164034,0.6509380822392652,0.677860696517413,nan,nan,nan,nan,nan,nan,113
TAME (graph-only),412,0.7835144927536233,0.8483303126287751,0.683991683991684,0.6910092395167022,nan,nan,nan,nan,nan,nan,119
TAME (graph-only),464,0.7282608695652174,0.7876990837129908,0.6310039882087741,0.6730632551528075,nan,nan,nan,nan,nan,nan,48
TAME (graph-only),620,0.7726449275362319,0.8364901331044192,0.6906689759688245,0.6839019189765458,nan,nan,nan,nan,nan,nan,85
TAME (graph-only),65,0.7903985507246377,0.8503137675834211,0.6775059536696255,0.6771499644633971,nan,nan,nan,nan,nan,nan,120
TAME (graph-only),695,0.8057971014492753,0.8487246490808416,0.7268463730002191,0.683546552949538,nan,nan,nan,nan,nan,nan,117
TAME (graph-only),222,0.7565217391304347,0.8295889554964428,0.6644591611479029,0.6604477611940299,nan,nan,nan,nan,nan,nan,120
TAME (graph-only),591,0.7855072463768117,0.8505982569584944,0.683991683991684,0.664179104477612,nan,nan,nan,nan,nan,nan,116
TAME (graph-only),893,0.8023550724637681,0.8344679533215219,0.7038319982680235,0.6643567874911158,nan,nan,nan,nan,nan,nan,116
TAME (graph-only),959,0.8070652173913043,0.8381311689618897,0.6772823779193206,0.6824804548685146,nan,nan,nan,nan,nan,nan,113
TAME (graph-only),353,0.8019927536231884,0.824237095384803,0.7232529911565806,0.6808813077469794,nan,nan,nan,nan,nan,nan,76
TAME (graph-only),422,0.7762681159420289,0.8219321564666807,0.6764974156278504,0.6757285003553659,nan,nan,nan,nan,nan,nan,116
TAME (graph-only),450,0.5833333333333334,0.7033388067736269,0.49342460817870654,0.6259772565742715,nan,nan,nan,nan,nan,nan,39
TAME (graph-only),856,0.8126811594202898,0.8526499160720907,0.7213200628601362,0.665778251599147,nan,nan,nan,nan,nan,nan,104
TAME (graph-only),471,0.7771739130434784,0.8352223634543801,0.6578947368421053,0.6773276474769012,nan,nan,nan,nan,nan,nan,120
TAME (graph-only),672,0.8001811594202898,0.8608161499057579,0.683991683991684,0.6709310589907604,nan,nan,nan,nan,nan,nan,119
TAME (graph-only),713,0.7954710144927537,0.8248188523569637,0.7097222222222221,0.6773276474769012,nan,nan,nan,nan,nan,nan,119
TAME (graph-only),373,0.7300724637681159,0.7717028988465244,0.3770491803278688,0.5607675906183368,nan,nan,nan,nan,nan,nan,2
TAME (graph-only),342,0.7530797101449275,0.8342707205221164,0.6151562772830452,0.6821250888415068,nan,nan,nan,nan,nan,nan,111
TAME (graph-only),698,0.8001811594202898,0.8506995633081313,0.6973160173160173,0.6703980099502487,nan,nan,nan,nan,nan,nan,118
TAME (graph-only),74,0.7018115942028985,0.7414589154384048,0.611421638719182,0.6629353233830846,nan,nan,nan,nan,nan,nan,25
TAME (graph-only),636,0.7815217391304349,0.8540304475977027,0.6841558441558442,0.6817697228144989,nan,nan,nan,nan,nan,nan,120
TAME (graph-only),681,0.7913043478260869,0.8559344419294792,0.7219512195121951,0.6703980099502488,nan,nan,nan,nan,nan,nan,115
TAME (graph-only),776,0.7943840579710145,0.8479242731703115,0.7023887220989427,0.6837242359630419,nan,nan,nan,nan,nan,nan,99
TAME (graph-only),78,0.766304347826087,0.8226898260698939,0.6564075812902104,0.6835465529495379,nan,nan,nan,nan,nan,nan,93
TAME (graph-only),260,0.7367753623188407,0.8066027227448933,0.6644591611479029,0.6469438521677326,nan,nan,nan,nan,nan,nan,56
TAME (graph-only),96,0.6760869565217391,0.7673443374311089,0.44583333333333336,0.5835110163468372,nan,nan,nan,nan,nan,nan,1
TAME (graph-only),918,0.7420289855072465,0.8161369097002729,0.6151562772830452,0.699360341151386,nan,nan,nan,nan,nan,nan,62
TAME (graph-only),714,0.7864130434782609,0.8278592254931211,0.6906689759688245,0.6654228855721392,nan,nan,nan,nan,nan,nan,116
TAME (graph-only),42,0.6864130434782609,0.754360187897098,0.3770491803278688,0.5932835820895522,nan,nan,nan,nan,nan,nan,1
TAME (graph-only),778,0.7114130434782608,0.761221013481445,0.3770491803278688,0.5868869936034116,nan,nan,nan,nan,nan,nan,1
TAME (graph-only),660,0.7706521739130434,0.8395813606703422,0.593600701293009,0.6775053304904051,nan,nan,nan,nan,nan,nan,118
TAME (graph-only),431,0.8070652173913043,0.849773833446318,0.7092679533994088,0.7034470504619759,nan,nan,nan,nan,nan,nan,103
TAME (graph-only),804,0.7989130434782609,0.8281942036742015,0.7038319982680235,0.6837242359630419,nan,nan,nan,nan,nan,nan,116
TAME (graph-only),186,0.7965579710144928,0.8537790842906201,0.6769464324441552,0.6730632551528074,nan,nan,nan,nan,nan,nan,118
TAME (graph-only),347,0.7969202898550725,0.8351482700754329,0.6971586971586972,0.667910447761194,nan,nan,nan,nan,nan,nan,120
TAME (graph-only),60,0.6257246376811594,0.7106461888825358,0.6186379928315412,0.625088841506752,nan,nan,nan,nan,nan,nan,4
TAME (graph-only),86,0.7907608695652174,0.8578482486395596,0.6965277777777779,0.695273631840796,nan,nan,nan,nan,nan,nan,117
TAME (graph-only),461,0.809963768115942,0.8378884032399737,0.7165040121448709,0.6711087420042644,nan,nan,nan,nan,nan,nan,101
TAME (graph-only),889,0.7092391304347826,0.7944673818819635,0.581450238209712,0.6844349680170576,nan,nan,nan,nan,nan,nan,53
TAME (graph-only),397,0.7489130434782608,0.8192974027799556,0.6089819053847831,0.6728855721393036,nan,nan,nan,nan,nan,nan,102
TAME (graph-only),309,0.7103260869565217,0.7703563324494846,0.5957270547198604,0.6783937455579245,nan,nan,nan,nan,nan,nan,41
TAME (graph-only),798,0.8123188405797102,0.8434389607095955,0.735191637630662,0.687455579246624,nan,nan,nan,nan,nan,nan,120
TAME (graph-only),594,0.7067028985507247,0.7528706804640277,0.597831273042724,0.6727078891257996,nan,nan,nan,nan,nan,nan,42
TAME (graph-only),643,0.6195652173913044,0.7486669116309439,0.47550034506556244,0.66044776119403,nan,nan,nan,nan,nan,nan,30
TAME (graph-only),455,0.7974637681159421,0.8632977778177051,0.670995670995671,0.675728500355366,nan,nan,nan,nan,nan,nan,116
TAME (graph-only),723,0.7914855072463768,0.8616427067511194,0.6641102300792928,0.6528073916133617,nan,nan,nan,nan,nan,nan,115
TAME (graph-only),964,0.7726449275362318,0.8505365248421888,0.6906689759688245,0.6632906894100923,nan,nan,nan,nan,nan,nan,119
TAME (graph-only),335,0.7769927536231884,0.8292685074896076,0.7023887220989427,0.687455579246624,nan,nan,nan,nan,nan,nan,117
TAME (graph-only),716,0.6001811594202898,0.6527195027116327,0.51239812727588,0.6950959488272921,nan,nan,nan,nan,nan,nan,12
TAME (graph-only),127,0.5244565217391305,0.6587778743110106,0.4577067244727453,0.6899431414356788,nan,nan,nan,nan,nan,nan,7
TAME (graph-only),669,0.7898550724637681,0.8377436116116309,0.6644591611479029,0.6576048329779675,nan,nan,nan,nan,nan,nan,112
TAME (graph-only),323,0.7556159420289855,0.8179278027471925,0.6373888527434396,0.6938521677327648,nan,nan,nan,nan,nan,nan,98
TAME (graph-only),81,0.8190217391304347,0.8656095386070877,0.6569444444444444,0.6638237384506042,nan,nan,nan,nan,nan,nan,120
TAME (graph-only),553,0.7898550724637681,0.8293225312979687,0.6576576576576576,0.6590262970859986,nan,nan,nan,nan,nan,nan,118
TAME (graph-only),414,0.4442028985507247,0.6108279503566285,0.3921430251705481,0.6037668798862829,nan,nan,nan,nan,nan,nan,11
TAME (graph-only),819,0.8144927536231883,0.8601612100273859,0.7038319982680235,0.6705756929637526,nan,nan,nan,nan,nan,nan,116
TAME-Fusion (graph-only),429,0.8469202898550725,0.873729481485076,0.7616724738675958,0.7377398720682303,nan,nan,nan,nan,nan,nan,99
TAME-Fusion (graph-only),922,0.8376811594202899,0.8642156849976685,0.7364314201491243,0.757640369580668,nan,nan,nan,nan,nan,nan,90
TAME-Fusion (graph-only),979,0.8543478260869566,0.8888384543738623,0.683991683991684,0.7253020611229567,nan,nan,nan,nan,nan,nan,65
TAME-Fusion (graph-only),445,0.7882246376811595,0.8335561732275794,0.5715292459478506,0.7022032693674485,nan,nan,nan,nan,nan,nan,40
TAME-Fusion (graph-only),419,0.8188405797101449,0.8627385579754578,0.7224830464267084,0.6979388770433547,nan,nan,nan,nan,nan,nan,93
TAME-Fusion (graph-only),739,0.8184782608695652,0.8722630852470444,0.6907760896853222,0.7038024164889837,nan,nan,nan,nan,nan,nan,35
TAME-Fusion (graph-only),148,0.8436594202898551,0.8772907478224181,0.7428757319453481,0.7117981520966595,nan,nan,nan,nan,nan,nan,41
TAME-Fusion (graph-only),315,0.8065217391304348,0.8619645792169874,0.7156158900056564,0.7347192608386638,nan,nan,nan,nan,nan,nan,76
TAME-Fusion (graph-only),156,0.827536231884058,0.8862368526401436,0.7169950205672223,0.7425373134328358,nan,nan,nan,nan,nan,nan,90
TAME-Fusion (graph-only),656,0.8061594202898551,0.8432756213735083,0.7153558052434457,0.7174840085287846,nan,nan,nan,nan,nan,nan,70
TAME-Fusion (graph-only),169,0.8427536231884057,0.8784850660386271,0.6042889290914707,0.7571073205401564,nan,nan,nan,nan,nan,nan,76
TAME-Fusion (graph-only),475,0.8153985507246377,0.8683434099597441,0.6701388888888888,0.7075337597725657,nan,nan,nan,nan,nan,nan,46
TAME-Fusion (graph-only),392,0.7757246376811595,0.8380860420762671,0.6089819053847831,0.7290334044065387,nan,nan,nan,nan,nan,nan,17
TAME-Fusion (graph-only),763,0.8423913043478262,0.8782342680004862,0.7104761904761905,0.7078891257995735,nan,nan,nan,nan,nan,nan,69
TAME-Fusion (graph-only),359,0.8130434782608695,0.8569739101268492,0.7229166666666667,0.6943852167732765,nan,nan,nan,nan,nan,nan,40
TAME-Fusion (graph-only),633,0.8367753623188405,0.8811202224771482,0.7103257103257103,0.7468017057569296,nan,nan,nan,nan,nan,nan,57
TAME-Fusion (graph-only),824,0.8326086956521739,0.8668232359210577,0.7431431171194594,0.7299218194740582,nan,nan,nan,nan,nan,nan,43
TAME-Fusion (graph-only),183,0.7764492753623189,0.8302585509790152,0.5623477297895902,0.6966950959488274,nan,nan,nan,nan,nan,nan,15
TAME-Fusion (graph-only),830,0.8260869565217392,0.861548017309736,0.6710526315789473,0.7350746268656716,nan,nan,nan,nan,nan,nan,64
TAME-Fusion (graph-only),963,0.8463768115942029,0.8761901836397317,0.7170930182227416,0.7329424307036247,nan,nan,nan,nan,nan,nan,66
TAME-Fusion (graph-only),212,0.7929347826086955,0.8382367956316998,0.6907760896853222,0.7121535181236673,nan,nan,nan,nan,nan,nan,32
TAME-Fusion (graph-only),886,0.8384057971014491,0.8518216214609254,0.6641102300792928,0.765636105188344,nan,nan,nan,nan,nan,nan,26
TAME-Fusion (graph-only),846,0.8293478260869565,0.8593425925809879,0.7165040121448709,0.7190831556503198,nan,nan,nan,nan,nan,nan,22
TAME-Fusion (graph-only),118,0.8072463768115941,0.8546446173810731,0.6446753246753247,0.6977611940298507,nan,nan,nan,nan,nan,nan,34
TAME-Fusion (graph-only),158,0.8001811594202899,0.8453069744884553,0.6362528825653744,0.7068230277185501,nan,nan,nan,nan,nan,nan,41
TAME-Fusion (graph-only),771,0.8610507246376812,0.8977354790285578,0.7156158900056564,0.744314143567875,nan,nan,nan,nan,nan,nan,66
TAME-Fusion (graph-only),772,0.8021739130434783,0.8552715775555021,0.6441824172013177,0.7199715707178393,nan,nan,nan,nan,nan,nan,29
TAME-Fusion (graph-only),184,0.7867753623188406,0.8440060540113049,0.6444906444906444,0.7679459843638948,nan,nan,nan,nan,nan,nan,39
TAME-Fusion (graph-only),722,0.8278985507246377,0.8610924385574736,0.6632932285106198,0.7315209665955935,nan,nan,nan,nan,nan,nan,26
TAME-Fusion (graph-only),140,0.8173913043478261,0.857613797447047,0.6775059536696255,0.7597725657427149,nan,nan,nan,nan,nan,nan,49
TAME-Fusion (graph-only),239,0.7965579710144929,0.8639023657802567,0.715020710704164,0.724413646055437,nan,nan,nan,nan,nan,nan,26
TAME-Fusion (graph-only),518,0.821195652173913,0.8753751214452198,0.6904545257593483,0.7114427860696517,nan,nan,nan,nan,nan,nan,32
TAME-Fusion (graph-only),690,0.832427536231884,0.8505738784018251,0.6705392751864054,0.701137171286425,nan,nan,nan,nan,nan,nan,48
TAME-Fusion (graph-only),480,0.6942028985507246,0.7893710459037042,0.581450238209712,0.7039800995024875,nan,nan,nan,nan,nan,nan,19
TAME-Fusion (graph-only),507,0.8538043478260869,0.8905066282024534,0.7169950205672223,0.7231698649609098,nan,nan,nan,nan,nan,nan,30
TAME-Fusion (graph-only),287,0.8115942028985507,0.8448251486981708,0.7232529911565806,0.738272921108742,nan,nan,nan,nan,nan,nan,15
TAME-Fusion (graph-only),875,0.8197463768115942,0.8602594998668244,0.6973160173160173,0.7205046197583511,nan,nan,nan,nan,nan,nan,33
TAME-Fusion (graph-only),720,0.7623188405797102,0.8160796427240999,0.5488815060908084,0.7126865671641791,nan,nan,nan,nan,nan,nan,40
TAME-Fusion (graph-only),596,0.7865942028985508,0.8589216827835514,0.6578354978354979,0.7334754797441364,nan,nan,nan,nan,nan,nan,33
TAME-Fusion (graph-only),759,0.8190217391304349,0.8724315006218895,0.6897016027450811,0.7288557213930348,nan,nan,nan,nan,nan,nan,86
TAME-Fusion (graph-only),932,0.8657608695652175,0.9001032100212198,0.6968961331714929,0.7487562189054726,nan,nan,nan,nan,nan,nan,104
TAME-Fusion (graph-only),835,0.8152173913043478,0.8766233582565648,0.6971586971586972,0.7139303482587065,nan,nan,nan,nan,nan,nan,47
TAME-Fusion (graph-only),523,0.8246376811594203,0.8601007427938685,0.6564075812902104,0.7178393745557924,nan,nan,nan,nan,nan,nan,47
TAME-Fusion (graph-only),385,0.8519927536231884,0.8724559363450104,0.7299709692794315,0.7604832977967306,nan,nan,nan,nan,nan,nan,33
TAME-Fusion (graph-only),412,0.8347826086956521,0.8704959556242859,0.6907760896853222,0.71090973702914,nan,nan,nan,nan,nan,nan,52
TAME-Fusion (graph-only),464,0.8208333333333334,0.8583972681228015,0.620249835634451,0.7181947405828003,nan,nan,nan,nan,nan,nan,59
TAME-Fusion (graph-only),620,0.8492753623188406,0.879742496330906,0.5618807422086111,0.7395167022032695,nan,nan,nan,nan,nan,nan,44
TAME-Fusion (graph-only),65,0.8119565217391304,0.8552855582179109,0.6447368421052632,0.7101990049751244,nan,nan,nan,nan,nan,nan,36
TAME-Fusion (graph-only),695,0.8476449275362319,0.879280427168351,0.703934553954032,0.7446695095948828,nan,nan,nan,nan,nan,nan,94
TAME-Fusion (graph-only),222,0.8420289855072463,0.8664602608818064,0.7205882352941176,0.7082444918265813,nan,nan,nan,nan,nan,nan,19
TAME-Fusion (graph-only),591,0.838768115942029,0.880523205275962,0.6971586971586972,0.7281449893390192,nan,nan,nan,nan,nan,nan,97
TAME-Fusion (graph-only),893,0.8244565217391305,0.8662243330590298,0.7080495896629999,0.753731343283582,nan,nan,nan,nan,nan,nan,46
TAME-Fusion (graph-only),959,0.8268115942028985,0.8707419757020093,0.7092679533994088,0.7213930348258707,nan,nan,nan,nan,nan,nan,94
TAME-Fusion (graph-only),353,0.8463768115942029,0.8684835846590255,0.6907760896853222,0.7469793887704336,nan,nan,nan,nan,nan,nan,45
TAME-Fusion (graph-only),422,0.7940217391304347,0.8440561828630744,0.7043324491600353,0.7054015636105189,nan,nan,nan,nan,nan,nan,18
TAME-Fusion (graph-only),450,0.8534420289855073,0.8982740710445125,0.683991683991684,0.7354299928926794,nan,nan,nan,nan,nan,nan,79
TAME-Fusion (graph-only),856,0.8559782608695652,0.8637996471925682,0.7493055555555556,0.6997157071783938,nan,nan,nan,nan,nan,nan,69
TAME-Fusion (graph-only),471,0.8501811594202898,0.8687839923696826,0.7366597366597367,0.7281449893390192,nan,nan,nan,nan,nan,nan,54
TAME-Fusion (graph-only),672,0.8353260869565218,0.8642246893006729,0.6425087108013938,0.7336531627576404,nan,nan,nan,nan,nan,nan,69
TAME-Fusion (graph-only),713,0.8442028985507246,0.872481715503676,0.6841558441558442,0.6982942430703624,nan,nan,nan,nan,nan,nan,31
TAME-Fusion (graph-only),373,0.842391304347826,0.8501560794316644,0.7415304120340092,0.742359630419332,nan,nan,nan,nan,nan,nan,31
TAME-Fusion (graph-only),342,0.8092391304347826,0.8488232501045829,0.7001972386587771,0.7299218194740583,nan,nan,nan,nan,nan,nan,32
TAME-Fusion (graph-only),698,0.8204710144927536,0.8560585786209696,0.7415304120340092,0.7121535181236673,nan,nan,nan,nan,nan,nan,40
TAME-Fusion (graph-only),74,0.8244565217391305,0.8530914408454069,0.7296898720451095,0.7212153518123667,nan,nan,nan,nan,nan,nan,33
TAME-Fusion (graph-only),636,0.8286231884057972,0.8725124713451579,0.5789473684210527,0.7553304904051173,nan,nan,nan,nan,nan,nan,81
TAME-Fusion (graph-only),681,0.8063405797101451,0.858133259284156,0.6775059536696255,0.728500355366027,nan,nan,nan,nan,nan,nan,86
TAME-Fusion (graph-only),776,0.8384057971014494,0.8629521712959556,0.6213121202849774,0.6926083866382373,nan,nan,nan,nan,nan,nan,25
TAME-Fusion (graph-only),78,0.8240942028985508,0.8864636343471055,0.6769464324441552,0.7295664534470505,nan,nan,nan,nan,nan,nan,105
TAME-Fusion (graph-only),260,0.8003623188405797,0.8583165488615712,0.6505747126436782,0.7260127931769723,nan,nan,nan,nan,nan,nan,48
TAME-Fusion (graph-only),96,0.8547101449275362,0.8616337495921889,0.6907760896853222,0.7318763326226013,nan,nan,nan,nan,nan,nan,51
TAME-Fusion (graph-only),918,0.802536231884058,0.8407724115937717,0.5863037752414398,0.7302771855010661,nan,nan,nan,nan,nan,nan,44
TAME-Fusion (graph-only),714,0.831340579710145,0.8494440530735303,0.7232529911565806,0.7489339019189765,nan,nan,nan,nan,nan,nan,38
TAME-Fusion (graph-only),42,0.8378623188405797,0.8746134547884163,0.6641102300792928,0.7085998578535891,nan,nan,nan,nan,nan,nan,30
TAME-Fusion (graph-only),778,0.8315217391304348,0.8637157934745816,0.7338935574229692,0.6831911869225303,nan,nan,nan,nan,nan,nan,24
TAME-Fusion (graph-only),660,0.8235507246376812,0.8647916127762499,0.6841558441558442,0.7075337597725657,nan,nan,nan,nan,nan,nan,38
TAME-Fusion (graph-only),431,0.7952898550724637,0.853766068926047,0.6632932285106198,0.7174840085287846,nan,nan,nan,nan,nan,nan,22
TAME-Fusion (graph-only),804,0.8460144927536232,0.8792692470263848,0.7616724738675958,0.7311656005685857,nan,nan,nan,nan,nan,nan,69
TAME-Fusion (graph-only),186,0.8001811594202898,0.8557540672320872,0.6230257146586607,0.7315209665955935,nan,nan,nan,nan,nan,nan,82
TAME-Fusion (graph-only),347,0.8014492753623189,0.8405758829498533,0.6973160173160173,0.7279673063255153,nan,nan,nan,nan,nan,nan,21
TAME-Fusion (graph-only),60,0.8208333333333334,0.8665683465491738,0.6705392751864054,0.7178393745557925,nan,nan,nan,nan,nan,nan,70
TAME-Fusion (graph-only),86,0.7385869565217391,0.7897306764230242,0.5334312024556253,0.6949182658137881,nan,nan,nan,nan,nan,nan,12
TAME-Fusion (graph-only),461,0.8380434782608696,0.8690590695832003,0.683991683991684,0.7345415778251599,nan,nan,nan,nan,nan,nan,65
TAME-Fusion (graph-only),889,0.8110507246376811,0.8682512294764968,0.6907760896853222,0.7434257285003553,nan,nan,nan,nan,nan,nan,22
TAME-Fusion (graph-only),397,0.8257246376811594,0.864487806496644,0.6643429313704265,0.7379175550817342,nan,nan,nan,nan,nan,nan,24
TAME-Fusion (graph-only),309,0.7998188405797102,0.8406421270621436,0.6230257146586607,0.7416488983653162,nan,nan,nan,nan,nan,nan,60
TAME-Fusion (graph-only),798,0.8065217391304348,0.8746872634863323,0.703934553954032,0.7160625444207533,nan,nan,nan,nan,nan,nan,94
TAME-Fusion (graph-only),594,0.809963768115942,0.8558401906867037,0.6373888527434396,0.7215707178393745,nan,nan,nan,nan,nan,nan,61
TAME-Fusion (graph-only),643,0.7891304347826086,0.8374881048473645,0.6705392751864054,0.6892324093816631,nan,nan,nan,nan,nan,nan,26
TAME-Fusion (graph-only),455,0.8052536231884059,0.8311287221654222,0.6578354978354979,0.7258351101634685,nan,nan,nan,nan,nan,nan,40
TAME-Fusion (graph-only),723,0.8409420289855072,0.8805934058538982,0.6368848542761587,0.6981165600568586,nan,nan,nan,nan,nan,nan,52
TAME-Fusion (graph-only),964,0.8070652173913043,0.8653370863560992,0.703626673599376,0.7299218194740583,nan,nan,nan,nan,nan,nan,120
TAME-Fusion (graph-only),335,0.8184782608695652,0.8325186533139515,0.6710526315789473,0.7359630419331912,nan,nan,nan,nan,nan,nan,11
TAME-Fusion (graph-only),716,0.8460144927536233,0.8847311056528986,0.7234927234927235,0.7210376687988629,nan,nan,nan,nan,nan,nan,71
TAME-Fusion (graph-only),127,0.7905797101449276,0.8458842778088846,0.6841558441558442,0.7590618336886994,nan,nan,nan,nan,nan,nan,13
TAME-Fusion (graph-only),669,0.7911231884057972,0.8464528567079318,0.5758139534883722,0.7141080312722102,nan,nan,nan,nan,nan,nan,19
TAME-Fusion (graph-only),323,0.8085144927536232,0.8462374339114669,0.5681818181818181,0.6711087420042643,nan,nan,nan,nan,nan,nan,25
TAME-Fusion (graph-only),81,0.8295289855072464,0.8780603836258004,0.670995670995671,0.7327647476901208,nan,nan,nan,nan,nan,nan,36
TAME-Fusion (graph-only),553,0.8318840579710145,0.8619973822681448,0.7361111111111112,0.7192608386638237,nan,nan,nan,nan,nan,nan,20
TAME-Fusion (graph-only),414,0.8340579710144927,0.8693969257731059,0.7104761904761905,0.7078891257995735,nan,nan,nan,nan,nan,nan,60
TAME-Fusion (graph-only),819,0.7947463768115942,0.8424200245034023,0.6129938542581211,0.7203269367448473,nan,nan,nan,nan,nan,nan,67
TAME,429,0.7940217391304348,0.8562345897170145,0.6425087108013938,0.7409381663113006,0.3011830747127533,0.39122384786605835,0.30759304761886597,nan,0.9864827394485474,0.20855073630809784,111
TAME,922,0.8293478260869566,0.8796045796312861,0.7219512195121951,0.728500355366027,0.3742228150367737,0.29005536437034607,0.33572179079055786,nan,0.9947976469993591,0.20160594582557678,120
TAME,979,0.8452898550724638,0.8886142768168073,0.7428757319453481,0.7356076759061834,0.3169422149658203,0.35932233929634094,0.32373547554016113,nan,1.0173323154449463,0.21658208966255188,62
TAME,445,0.8184782608695652,0.8630477333268105,0.7104761904761905,0.7165955934612651,0.38773080706596375,0.25454121828079224,0.357727974653244,nan,1.0144484043121338,0.20325113832950592,43
TAME,419,0.8155797101449276,0.8760482309208555,0.7420702258190837,0.7468017057569296,0.33172598481178284,0.334699809551239,0.33357420563697815,nan,1.0111781358718872,0.21306796371936798,74
TAME,739,0.8041666666666667,0.8662503020687741,0.7213200628601362,0.7313432835820896,0.3615531027317047,0.29880449175834656,0.33964240550994873,nan,1.0026886463165283,0.20285643637180328,120
TAME,148,0.818659420289855,0.8674290780473581,0.6167623022083115,0.7313432835820896,0.28395378589630127,0.3959667980670929,0.32007941603660583,nan,0.9912043809890747,0.21293509006500244,116
TAME,315,0.8081521739130435,0.848608901712596,0.6368848542761587,0.7205046197583511,0.31697651743888855,0.38121476769447327,0.30180874466896057,nan,0.992236316204071,0.20843851566314697,81
TAME,156,0.8152173913043478,0.8729442065061341,0.7087108013937282,0.714641080312722,0.34500759840011597,0.32216599583625793,0.3328263759613037,nan,1.0090453624725342,0.2145211398601532,101
TAME,656,0.8181159420289855,0.8729362678760854,0.7097222222222221,0.7244136460554371,0.34588754177093506,0.3237033784389496,0.33040907979011536,nan,1.0053316354751587,0.2097325176000595,120
TAME,169,0.8072463768115942,0.8578786434776752,0.6907760896853222,0.7297441364605544,0.34315672516822815,0.31684842705726624,0.3399949073791504,nan,1.0119539499282837,0.21312877535820007,76
TAME,475,0.8315217391304348,0.8848196430369751,0.6906689759688245,0.7347192608386638,0.3460794985294342,0.30963757634162903,0.34428295493125916,nan,1.010635495185852,0.21326792240142822,120
TAME,392,0.8298913043478261,0.8746674278570579,0.7356981394540081,0.7555081734186211,0.32792460918426514,0.3296933174133301,0.3423820734024048,nan,1.0187464952468872,0.22179540991783142,85
TAME,763,0.8097826086956522,0.8678520431647698,0.7100745621640367,0.7503553660270078,0.3349620997905731,0.33634376525878906,0.3286941349506378,nan,1.0037187337875366,0.2133289873600006,120
TAME,359,0.8579710144927536,0.8924852411345937,0.6968961331714929,0.7222814498933902,0.36043670773506165,0.2815968096256256,0.3579665422439575,nan,1.0151005983352661,0.20920126140117645,40
TAME,633,0.8016304347826086,0.8601641395543034,0.7156158900056564,0.7190831556503198,0.36528003215789795,0.2972048223018646,0.3375151455402374,nan,0.9976363182067871,0.19912934303283691,91
TAME,824,0.8253623188405796,0.8696988071911964,0.6973160173160173,0.7123312011371713,0.33406683802604675,0.32069578766822815,0.3452373743057251,nan,1.0162708759307861,0.20943699777126312,50
TAME,183,0.8146739130434782,0.8648964461750608,0.7384282751621585,0.7372068230277186,0.322318971157074,0.37253108620643616,0.30514997243881226,nan,0.9907036423683167,0.2079036831855774,99
TAME,830,0.8306159420289855,0.8703948103122153,0.7299709692794315,0.707000710732054,0.40499311685562134,0.23806700110435486,0.3569398522377014,nan,1.0030300617218018,0.1886395812034607,53
TAME,963,0.8378623188405796,0.8785020455672996,0.7276104724856856,0.7407604832977968,0.3857955038547516,0.26975294947624207,0.34445154666900635,nan,1.00175142288208,0.19777272641658783,97
TAME,212,0.8538043478260869,0.8914699282323753,0.7170930182227416,0.7331201137171287,0.3056533634662628,0.37318113446235657,0.3211655020713806,nan,1.0053768157958984,0.21076618134975433,59
TAME,886,0.8204710144927536,0.8739382733706051,0.6971586971586972,0.7292110874200426,0.36284562945365906,0.29883575439453125,0.3383186161518097,nan,1.0000574588775635,0.20428986847400665,82
TAME,846,0.821195652173913,0.8733764281735221,0.7322057787174067,0.7123312011371713,0.4031769037246704,0.2370203286409378,0.3598027527332306,nan,0.9956150650978088,0.18582633137702942,68
TAME,118,0.8076086956521739,0.8619795565964784,0.6971586971586972,0.7446695095948828,0.3336936831474304,0.3356267809867859,0.3306795656681061,nan,1.001346468925476,0.21834717690944672,120
TAME,158,0.8130434782608695,0.8707728248803801,0.6772823779193206,0.728678038379531,0.34604835510253906,0.33389490842819214,0.3200567364692688,nan,1.0081160068511963,0.21445095539093018,102
TAME,771,0.815036231884058,0.862320031494475,0.735191637630662,0.7297441364605544,0.3823627829551697,0.2773280739784241,0.34030917286872864,nan,1.0003342628479004,0.19850057363510132,78
TAME,772,0.8175724637681159,0.8644142762523257,0.7156158900056564,0.7247690120824449,0.3656889498233795,0.29216933250427246,0.342141717672348,nan,1.0143237113952637,0.21264022588729858,89
TAME,184,0.8217391304347826,0.8729116784271983,0.7276104724856856,0.7414712153518125,0.36169204115867615,0.2893650233745575,0.34894296526908875,nan,1.009130835533142,0.20939137041568756,101
TAME,722,0.8344202898550724,0.880277734042068,0.7219512195121951,0.7347192608386638,0.3371964693069458,0.2843901216983795,0.3784134089946747,nan,1.0206800699234009,0.2123073786497116,77
TAME,140,0.7965579710144928,0.8551654277831787,0.6500890413933893,0.7603056147832267,0.33182328939437866,0.3418552279472351,0.32632148265838623,nan,0.9955137968063354,0.20766733586788177,100
TAME,239,0.8141304347826087,0.8656167464704588,0.7029057898623117,0.7263681592039801,0.3544953167438507,0.3130008578300476,0.3325038552284241,nan,1.0029631853103638,0.2101372629404068,120
TAME,518,0.7927536231884058,0.854238776989632,0.6837177041789493,0.7468017057569296,0.3562927544116974,0.3072208762168884,0.3364863991737366,nan,1.0109405517578125,0.21404162049293518,97
TAME,690,0.8293478260869566,0.8707186282328332,0.735191637630662,0.7237029140014215,0.3731326758861542,0.2692345678806305,0.35763275623321533,nan,0.9989814758300781,0.1949501782655716,85
TAME,480,0.827355072463768,0.8716126817007699,0.7364314201491243,0.7428926794598436,0.3432006239891052,0.32115650177001953,0.33564284443855286,nan,1.0125821828842163,0.21416117250919342,73
TAME,507,0.804891304347826,0.8524603877507857,0.7092679533994088,0.7070007107320541,0.4366568326950073,0.213123619556427,0.35021957755088806,nan,0.9842990040779114,0.17444835603237152,82
TAME,287,0.8257246376811594,0.8782809266523415,0.6769464324441552,0.7094882729211087,0.35214823484420776,0.301451712846756,0.34640005230903625,nan,1.0237503051757812,0.21362093091011047,44
TAME,875,0.8231884057971015,0.8734155739302819,0.7296898720451095,0.7496446339729922,0.34024596214294434,0.33340591192245483,0.32634812593460083,nan,1.0117634534835815,0.2211175411939621,88
TAME,720,0.7927536231884058,0.8408075638527184,0.7161099769795423,0.7292110874200427,0.339119017124176,0.3491853177547455,0.3116956651210785,nan,0.9986371994018555,0.20529907941818237,71
TAME,596,0.832427536231884,0.8772092475862339,0.7087108013937282,0.7308102345415779,0.30836954712867737,0.37746408581733704,0.3141663372516632,nan,1.0061755180358887,0.22010807693004608,107
TAME,759,0.8135869565217392,0.87087415627855,0.7408977665107741,0.742359630419332,0.3555268943309784,0.29728689789772034,0.34718620777130127,nan,1.0135797262191772,0.21278592944145203,87
TAME,932,0.8101449275362318,0.8626680264080996,0.6841558441558442,0.7251243781094527,0.3213343918323517,0.3656383752822876,0.3130272626876831,nan,0.9985624551773071,0.2134893536567688,120
TAME,835,0.8106884057971014,0.8698512669795925,0.7103257103257103,0.7345415778251599,0.34963682293891907,0.3143088221549988,0.33605435490608215,nan,1.0127944946289062,0.21153807640075684,82
TAME,523,0.8182971014492754,0.8692765865044849,0.6775059536696255,0.73045486851457,0.35460183024406433,0.3061625361442566,0.3392356038093567,nan,1.0139591693878174,0.21661972999572754,87
TAME,385,0.777536231884058,0.8495965018260616,0.6705392751864054,0.7452025586353945,0.38648879528045654,0.2840847074985504,0.32942646741867065,nan,1.0014057159423828,0.20191864669322968,103
TAME,412,0.8204710144927535,0.8676585779557684,0.64375,0.7181947405828003,0.3343128561973572,0.36122024059295654,0.3044669032096863,nan,1.0118259191513062,0.21332713961601257,48
TAME,464,0.8164855072463768,0.8781905807015997,0.7029057898623117,0.7489339019189766,0.37137866020202637,0.2738596498966217,0.35476166009902954,nan,1.0002440214157104,0.19919009506702423,120
TAME,620,0.8099637681159421,0.8732156267665772,0.7420702258190837,0.7169509594882729,0.4024871289730072,0.261277973651886,0.3362348973751068,nan,1.0004081726074219,0.1979890912771225,100
TAME,65,0.8146739130434782,0.8724353151387707,0.6968961331714929,0.7446695095948828,0.37105312943458557,0.2892412841320038,0.33970558643341064,nan,1.0024033784866333,0.202172189950943,120
TAME,695,0.820108695652174,0.8739501152774385,0.6776176254166126,0.7402274342572851,0.34066298604011536,0.3323880136013031,0.32694903016090393,nan,1.0050387382507324,0.21923302114009857,92
TAME,222,0.8101449275362319,0.8658212317011165,0.6505747126436782,0.7485785358919687,0.3207303583621979,0.3555784523487091,0.323691189289093,nan,1.0049104690551758,0.2197306603193283,109
TAME,591,0.8215579710144928,0.8616133384756011,0.608024826259889,0.7158848614072495,0.29275912046432495,0.3907639980316162,0.31647682189941406,nan,1.002437949180603,0.21399158239364624,90
TAME,893,0.8190217391304347,0.8713750451139528,0.7322057787174067,0.7476901208244492,0.37147656083106995,0.2742696702480316,0.3542537987232208,nan,1.0086684226989746,0.20435453951358795,109
TAME,959,0.8447463768115941,0.8837414662439838,0.648746457379551,0.726545842217484,0.3487052023410797,0.3030625581741333,0.3482321798801422,nan,1.0118664503097534,0.20919309556484222,41
TAME,353,0.8141304347826088,0.8566142499810663,0.6904545257593483,0.7473347547974414,0.3416660726070404,0.3291931450366974,0.3291407823562622,nan,1.0053397417068481,0.21140244603157043,85
TAME,422,0.8114130434782608,0.8583975076835691,0.6641102300792928,0.716773276474769,0.3544735610485077,0.3064262568950653,0.3391002416610718,nan,1.0114246606826782,0.21235229074954987,91
TAME,450,0.8007246376811594,0.8542236039275486,0.6904545257593483,0.7332977967306326,0.3170245587825775,0.3593251705169678,0.3236502707004547,nan,1.0075968503952026,0.21242427825927734,87
TAME,856,0.8063405797101451,0.8670575020516218,0.6708246708246708,0.7437810945273632,0.3004770576953888,0.3854839503765106,0.3140389919281006,nan,0.9911934733390808,0.20712538063526154,91
TAME,471,0.8322463768115942,0.8830553689539367,0.7167988214394038,0.7340085287846483,0.37276074290275574,0.2724117636680603,0.3548274636268616,nan,1.0116069316864014,0.20533080399036407,95
TAME,672,0.8130434782608696,0.8745291204559491,0.7276104724856856,0.7270788912579957,0.3454628586769104,0.31749799847602844,0.33703914284706116,nan,0.9975200891494751,0.20670285820960999,112
TAME,713,0.8282608695652174,0.8741411749072918,0.6564075812902104,0.7308102345415778,0.31614330410957336,0.3702313303947449,0.31362539529800415,nan,0.9928959608078003,0.21048283576965332,102
TAME,373,0.8215579710144927,0.8751319690387065,0.7224830464267084,0.7469793887704335,0.31481844186782837,0.3573222756385803,0.3278592526912689,nan,0.9982865452766418,0.20703518390655518,84
TAME,342,0.7936594202898551,0.8620239465258938,0.7374086378737541,0.699182658137882,0.42601150274276733,0.2028399556875229,0.37114855647087097,nan,0.965661883354187,0.1675027459859848,120
TAME,698,0.8056159420289855,0.848527102366995,0.7250143405550897,0.7171286425017769,0.42085227370262146,0.2075384259223938,0.37160930037498474,nan,0.9731175303459167,0.16522514820098877,102
TAME,74,0.822463768115942,0.8701232119308766,0.6973684210526315,0.7361407249466951,0.3412642180919647,0.3334989845752716,0.32523685693740845,nan,1.0091694593429565,0.21458907425403595,86
TAME,636,0.7769927536231883,0.8428608021763354,0.7023887220989427,0.7052238805970149,0.3476223349571228,0.3148321807384491,0.3375454843044281,nan,1.0051573514938354,0.214109405875206,98
TAME,681,0.8173913043478261,0.8713316778518123,0.6776176254166126,0.7293887704335466,0.34325069189071655,0.3184691369533539,0.33828017115592957,nan,0.9923006892204285,0.2003335952758789,106
TAME,776,0.8034420289855073,0.8612933757625267,0.6954703832752613,0.7251243781094527,0.3429480195045471,0.3123467266559601,0.3447052538394928,nan,1.0001729726791382,0.20362286269664764,101
TAME,78,0.8206521739130435,0.8615881912778629,0.7393483709273183,0.7217484008528785,0.34452369809150696,0.3152209222316742,0.34025534987449646,nan,1.0048918724060059,0.20891426503658295,106
TAME,260,0.7838768115942029,0.8460381995701279,0.6708246708246708,0.7466240227434258,0.32722198963165283,0.34105855226516724,0.33171945810317993,nan,1.0055158138275146,0.21670329570770264,120
TAME,96,0.8052536231884058,0.8560975704030477,0.6885110093743187,0.7110874200426439,0.3893181383609772,0.25702357292175293,0.3536583185195923,nan,0.994564950466156,0.1894170492887497,101
TAME,918,0.7932971014492755,0.8547062999673403,0.6644591611479029,0.7281449893390192,0.3545643389225006,0.32682788372039795,0.31860780715942383,nan,1.0159683227539062,0.21792668104171753,78
TAME,714,0.821195652173913,0.8627915721543756,0.703626673599376,0.7334754797441365,0.3175579905509949,0.3553020656108856,0.3271399140357971,nan,0.9918079376220703,0.21247904002666473,120
TAME,42,0.8284420289855072,0.8787779616281512,0.7023887220989427,0.7325870646766169,0.34516432881355286,0.30992311239242554,0.344912588596344,nan,1.0103391408920288,0.2132435292005539,120
TAME,778,0.8163043478260869,0.8630494221519387,0.6776176254166126,0.7290334044065386,0.3359319269657135,0.3300480842590332,0.3340199887752533,nan,1.0101205110549927,0.21663731336593628,106
TAME,660,0.8141304347826087,0.8636316578431695,0.6776176254166126,0.7276119402985074,0.37681928277015686,0.28680646419525146,0.33637428283691406,nan,1.002057671546936,0.20036235451698303,107
TAME,431,0.8018115942028985,0.8629164611086615,0.670995670995671,0.7505330490405117,0.3542761504650116,0.3106822073459625,0.3350416421890259,nan,1.01278555393219,0.21704617142677307,120
TAME,804,0.8282608695652174,0.8726898355723052,0.7169950205672223,0.7427149964463398,0.3607795536518097,0.2990829646587372,0.34013742208480835,nan,1.003351092338562,0.20627108216285706,93
TAME,186,0.7931159420289855,0.852278353122643,0.6573608461938616,0.7409381663113007,0.3217843174934387,0.35442593693733215,0.3237897753715515,nan,1.0027985572814941,0.216918483376503,114
TAME,347,0.8155797101449275,0.8681794200273255,0.7156158900056564,0.7462686567164178,0.35174211859703064,0.29824161529541016,0.3500162661075592,nan,1.0109442472457886,0.21069437265396118,94
TAME,60,0.834963768115942,0.880827321455361,0.7415304120340092,0.7295664534470504,0.37399935722351074,0.27025356888771057,0.3557470738887787,nan,1.0161874294281006,0.20583084225654602,54
TAME,86,0.8125,0.8740004301571715,0.7104761904761905,0.7254797441364605,0.36798974871635437,0.29486554861068726,0.337144672870636,nan,1.0071767568588257,0.20810842514038086,101
TAME,461,0.8291666666666667,0.8704628540555213,0.7161099769795423,0.7457356076759061,0.35114315152168274,0.3026820719242096,0.3461747467517853,nan,1.0109707117080688,0.2135254293680191,98
TAME,889,0.8338768115942029,0.8877010030380362,0.7356981394540081,0.743958777540867,0.36737552285194397,0.27454283833503723,0.3580816388130188,nan,1.013689637184143,0.20762453973293304,82
TAME,397,0.8041666666666667,0.859814704470182,0.6505747126436782,0.732409381663113,0.3431355655193329,0.32793301343917847,0.32893139123916626,nan,0.9976300597190857,0.20987917482852936,104
TAME,309,0.8554347826086957,0.8880419363894191,0.683991683991684,0.7205046197583511,0.3305566608905792,0.32934391498565674,0.3400994539260864,nan,1.023310661315918,0.22129124402999878,45
TAME,798,0.8070652173913043,0.8637006393277197,0.7010358844355085,0.7384506041222461,0.34960445761680603,0.30685555934906006,0.3435400128364563,nan,1.0161819458007812,0.2240590751171112,110
TAME,594,0.8255434782608696,0.8735374467973476,0.7282755613690866,0.708955223880597,0.3842477798461914,0.26628708839416504,0.34946513175964355,nan,1.0095510482788086,0.20118728280067444,52
TAME,643,0.8317028985507245,0.869953164573253,0.6772823779193206,0.7340085287846482,0.3485497534275055,0.3212750256061554,0.3301752507686615,nan,0.998207151889801,0.2066144049167633,71
TAME,455,0.8293478260869566,0.8766930021790006,0.72884305791237,0.7295664534470504,0.38833484053611755,0.26335790753364563,0.3483072519302368,nan,1.005202054977417,0.1987721174955368,80
TAME,723,0.8221014492753623,0.8776301965636043,0.7296898720451095,0.75408670931059,0.3436923921108246,0.3258512020111084,0.330456405878067,nan,1.0104256868362427,0.21330973505973816,93
TAME,964,0.8190217391304349,0.8728327588175252,0.715020710704164,0.7542643923240938,0.3649143576622009,0.2859650254249573,0.3491206467151642,nan,1.013339638710022,0.21611589193344116,120
TAME,335,0.8128623188405796,0.8620452324760538,0.7446507515473033,0.6924307036247335,0.3846583664417267,0.2540554106235504,0.3612862527370453,nan,1.0035086870193481,0.1975536346435547,90
TAME,716,0.8268115942028985,0.8733559782387299,0.7420702258190837,0.7240582800284292,0.34816551208496094,0.30925559997558594,0.3425788879394531,nan,1.0094763040542603,0.21238435804843903,103
TAME,127,0.8307971014492753,0.8808689340771133,0.703934553954032,0.7348969438521677,0.34716662764549255,0.3157546818256378,0.33707863092422485,nan,1.011877179145813,0.22068259119987488,99
TAME,669,0.8300724637681159,0.8555373856825952,0.7293141640967729,0.7242359630419333,0.3403850197792053,0.34456875920295715,0.3150462508201599,nan,0.9902968406677246,0.20126307010650635,92
TAME,323,0.8021739130434783,0.8606324241704847,0.6284267504801816,0.738272921108742,0.2824162244796753,0.41741320490837097,0.3001706004142761,nan,0.9848523736000061,0.2048344612121582,109
TAME,81,0.8105072463768116,0.8589776220331344,0.6377659343992375,0.7306325515280739,0.3251989781856537,0.34732744097709656,0.32747358083724976,nan,1.0069961547851562,0.2137380689382553,77
TAME,553,0.8041666666666666,0.8450085782863619,0.7080495896629999,0.7267235252309879,0.35522204637527466,0.3056342899799347,0.33914366364479065,nan,1.0123553276062012,0.21293149888515472,87
TAME,414,0.8034420289855073,0.8549755111990638,0.6897016027450811,0.7144633972992183,0.32485243678092957,0.3526724874973297,0.3224750757217407,nan,0.991762101650238,0.19770821928977966,84
TAME,819,0.8052536231884059,0.8561333274721674,0.7282755613690866,0.72636815920398,0.341962993144989,0.33488890528678894,0.32314807176589966,nan,0.9997501969337463,0.20399336516857147,79
TAME-Fusion,429,0.7815217391304349,0.8467120802898398,0.6573608461938616,0.7780739161336176,nan,nan,0.4775179326534271,0.5224820971488953,0.6846069693565369,0.4491739273071289,86
TAME-Fusion,922,0.7940217391304348,0.8466258287579805,0.6509380822392652,0.7452025586353945,nan,nan,0.5088558793067932,0.4911440908908844,0.6868868470191956,0.4562608301639557,75
TAME-Fusion,979,0.7833333333333333,0.8387876806454735,0.7289102907080436,0.7361407249466951,nan,nan,0.46580296754837036,0.5341970324516296,0.6808480024337769,0.437492311000824,87
TAME-Fusion,445,0.7356884057971014,0.8075443265646545,0.5219490586932447,0.7405828002842928,nan,nan,0.4707654118537903,0.5292345881462097,0.6855607628822327,0.4510102868080139,100
TAME-Fusion,419,0.7983695652173913,0.8451656862204857,0.6441824172013177,0.7427149964463398,nan,nan,0.4899342656135559,0.5100657343864441,0.6847366690635681,0.44838234782218933,90
TAME-Fusion,739,0.8050724637681159,0.8534675459074681,0.6960528603721092,0.7178393745557924,nan,nan,0.48553481698036194,0.5144651532173157,0.6842954754829407,0.449501097202301,72
TAME-Fusion,148,0.7938405797101449,0.8467217798094808,0.7033181522446323,0.7544420753375978,nan,nan,0.4646705389022827,0.5353294610977173,0.6829454302787781,0.4421407878398895,76
TAME-Fusion,315,0.8027173913043478,0.8558499949600936,0.7087108013937282,0.7661691542288557,nan,nan,0.5152571797370911,0.48474282026290894,0.6848955154418945,0.44999340176582336,72
TAME-Fusion,156,0.8251811594202899,0.8707531996527503,0.703626673599376,0.7455579246624022,nan,nan,0.49626246094703674,0.5037375688552856,0.6843098998069763,0.44803112745285034,64
TAME-Fusion,656,0.8056159420289856,0.8472465855242682,0.580276134122288,0.7375621890547264,nan,nan,0.4866078794002533,0.5133920907974243,0.6822974681854248,0.4421902000904083,50
TAME-Fusion,169,0.7960144927536231,0.8581673766341472,0.6494800504720881,0.7290334044065387,nan,nan,0.48570919036865234,0.5142908096313477,0.6874660849571228,0.45796263217926025,73
TAME-Fusion,475,0.8117753623188406,0.864754824008204,0.6705392751864054,0.7434257285003554,nan,nan,0.46280843019485474,0.5371915698051453,0.6838991045951843,0.44421496987342834,77
TAME-Fusion,392,0.7893115942028986,0.8480001842570495,0.6971586971586972,0.7515991471215352,nan,nan,0.4872753918170929,0.5127246975898743,0.6852372288703918,0.45129504799842834,84
TAME-Fusion,763,0.8159420289855073,0.8542076555872203,0.5947375322348005,0.7267235252309879,nan,nan,0.48311927914619446,0.5168806910514832,0.684373676776886,0.4481465816497803,51
TAME-Fusion,359,0.7713768115942029,0.8340665036869852,0.7054263565891472,0.7354299928926794,nan,nan,0.4820038378238678,0.5179961919784546,0.6837269067764282,0.4451920986175537,86
TAME-Fusion,633,0.7721014492753623,0.8517069736316178,0.6705392751864054,0.7217484008528785,nan,nan,0.4905712306499481,0.5094287991523743,0.6868686676025391,0.45670565962791443,94
TAME-Fusion,824,0.8382246376811594,0.8774497390192203,0.6708246708246708,0.7121535181236673,nan,nan,0.5008445978164673,0.4991554021835327,0.6847755908966064,0.4524729251861572,58
TAME-Fusion,183,0.8012681159420291,0.8467358802175223,0.6313236313236313,0.7304548685145701,nan,nan,0.4981178641319275,0.5018821358680725,0.6856757402420044,0.45172423124313354,66
TAME-Fusion,830,0.797463768115942,0.8617317882696456,0.6960528603721092,0.7492892679459844,nan,nan,0.47768568992614746,0.5223143100738525,0.6838961243629456,0.44635722041130066,87
TAME-Fusion,963,0.8139492753623189,0.8661309371959025,0.6960528603721092,0.7450248756218905,nan,nan,0.517092227935791,0.482907772064209,0.6826982498168945,0.4438880681991577,72
TAME-Fusion,212,0.7639492753623187,0.8350375235485024,0.6513006968791932,0.765813788201848,nan,nan,0.4782901704311371,0.5217097997665405,0.68466717004776,0.4489637017250061,107
TAME-Fusion,886,0.7840579710144927,0.8473455716902037,0.6833333333333333,0.7272565742714996,nan,nan,0.4751132130622864,0.5248867869377136,0.6845071315765381,0.44774889945983887,73
TAME-Fusion,846,0.8014492753623188,0.8435686515062901,0.5789473684210527,0.7038024164889837,nan,nan,0.48919713497161865,0.5108028650283813,0.6815893054008484,0.44052448868751526,105
TAME-Fusion,118,0.7905797101449276,0.8462644574689153,0.7087108013937282,0.7485785358919688,nan,nan,0.49832138419151306,0.5016786456108093,0.685341477394104,0.4511387348175049,58
TAME-Fusion,158,0.7994565217391305,0.8565009802571336,0.7213200628601362,0.75408670931059,nan,nan,0.4859723746776581,0.5140276551246643,0.6862262487411499,0.45372432470321655,82
TAME-Fusion,771,0.7844202898550725,0.8438017294300724,0.6578354978354979,0.7395167022032694,nan,nan,0.48032552003860474,0.5196744203567505,0.684942364692688,0.44884970784187317,80
TAME-Fusion,772,0.7806159420289855,0.8522982820282345,0.6178255592162303,0.7311656005685856,nan,nan,0.5127286314964294,0.48727133870124817,0.6854500770568848,0.45196911692619324,78
TAME-Fusion,184,0.8032608695652174,0.8590539853707166,0.6968961331714929,0.7347192608386638,nan,nan,0.4953260123729706,0.5046740174293518,0.6807818412780762,0.43804219365119934,61
TAME-Fusion,722,0.7971014492753623,0.8576692636160415,0.7080495896629999,0.740049751243781,nan,nan,0.45981690287590027,0.5401830673217773,0.6807926297187805,0.4374415874481201,96
TAME-Fusion,140,0.765036231884058,0.8309289405734172,0.68774859041042,0.734186211798152,nan,nan,0.5000980496406555,0.4999018907546997,0.6840667724609375,0.44854801893234253,87
TAME-Fusion,239,0.7960144927536232,0.8505428645172994,0.7080495896629999,0.749822316986496,nan,nan,0.47182604670524597,0.5281738638877869,0.6828884482383728,0.4430295526981354,91
TAME-Fusion,518,0.8052536231884059,0.8595685833790453,0.6837177041789493,0.7444918265813788,nan,nan,0.47969213128089905,0.5203079581260681,0.6867772936820984,0.4550769031047821,85
TAME-Fusion,690,0.815036231884058,0.8696493606796816,0.6954703832752613,0.7491115849324804,nan,nan,0.4722234904766083,0.5277764797210693,0.6836963891983032,0.4465273916721344,86
TAME-Fusion,480,0.7923913043478261,0.8433226890172278,0.5863037752414398,0.7285003553660271,nan,nan,0.4996907711029053,0.5003092288970947,0.6839820146560669,0.4479479193687439,79
TAME-Fusion,507,0.7990942028985507,0.8529839392582196,0.6775059536696255,0.7359630419331913,nan,nan,0.45872971415519714,0.5412702560424805,0.6835691332817078,0.4450320303440094,71
TAME-Fusion,287,0.7536231884057971,0.8367321872319193,0.6444906444906444,0.7210376687988629,nan,nan,0.47418323159217834,0.5258167386054993,0.684789776802063,0.4480638802051544,95
TAME-Fusion,875,0.7864130434782609,0.8425255774868541,0.5965713788452335,0.7469793887704336,nan,nan,0.4748646318912506,0.5251353979110718,0.6848278045654297,0.44842833280563354,113
TAME-Fusion,720,0.7896739130434782,0.8374482353794408,0.7250143405550897,0.7364960909737029,nan,nan,0.4708327353000641,0.5291673541069031,0.6841312646865845,0.44588032364845276,71
TAME-Fusion,596,0.8052536231884058,0.8641588307658656,0.6425087108013938,0.7336531627576404,nan,nan,0.4804849624633789,0.5195150375366211,0.6835879683494568,0.4455729126930237,85
TAME-Fusion,759,0.7916666666666666,0.8621906535177459,0.7219512195121951,0.7810945273631842,nan,nan,0.4658862054347992,0.5341138243675232,0.6793774962425232,0.43212637305259705,110
TAME-Fusion,932,0.754891304347826,0.826040282995397,0.6444906444906444,0.7366737739872068,nan,nan,0.46426522731781006,0.5357347726821899,0.6853541731834412,0.4488848149776459,96
TAME-Fusion,835,0.8018115942028985,0.8535564867608698,0.7429498605969194,0.7290334044065387,nan,nan,0.49402517080307007,0.5059748291969299,0.6849703192710876,0.4508064091205597,87
TAME-Fusion,523,0.794927536231884,0.8523319136857189,0.6505747126436782,0.7507107320540156,nan,nan,0.48633575439453125,0.513664186000824,0.6868641376495361,0.4560139775276184,76
TAME-Fusion,385,0.7784420289855072,0.8362359536456648,0.7029057898623117,0.7551528073916133,nan,nan,0.453350305557251,0.546649694442749,0.6817880868911743,0.43787944316864014,93
TAME-Fusion,412,0.8047101449275363,0.8471393903057292,0.6230257146586607,0.724769012082445,nan,nan,0.48257163166999817,0.5174283385276794,0.6845763921737671,0.4495992660522461,71
TAME-Fusion,464,0.8268115942028985,0.8639420908187585,0.6578354978354979,0.7169509594882729,nan,nan,0.4812181890010834,0.5187817811965942,0.6863554120063782,0.4540601372718811,73
TAME-Fusion,620,0.7789855072463768,0.8376252961607397,0.7197541703248463,0.730277185501066,nan,nan,0.4655219614505768,0.5344780683517456,0.6818056702613831,0.441607803106308,59
TAME-Fusion,65,0.8347826086956521,0.8799369942964164,0.634599414310066,0.7405828002842928,nan,nan,0.4929358959197998,0.5070641040802002,0.6855425238609314,0.4535728991031647,50
TAME-Fusion,695,0.7835144927536231,0.8461681649397519,0.6769464324441552,0.755863539445629,nan,nan,0.47259992361068726,0.5274001359939575,0.6851850152015686,0.4512210488319397,71
TAME-Fusion,222,0.797644927536232,0.8641925434783267,0.683991683991684,0.7473347547974414,nan,nan,0.49792006611824036,0.502079963684082,0.6834807991981506,0.4460659921169281,79
TAME-Fusion,591,0.8201086956521739,0.8672845372710102,0.7092679533994088,0.757995735607676,nan,nan,0.46750548481941223,0.5324944853782654,0.6804446578025818,0.4367803633213043,64
TAME-Fusion,893,0.7721014492753623,0.8335429994642455,0.6641102300792928,0.7206823027718551,nan,nan,0.4781948924064636,0.5218051075935364,0.6840023994445801,0.4468328654766083,103
TAME-Fusion,959,0.8255434782608696,0.8721124352261354,0.6841558441558442,0.744314143567875,nan,nan,0.5069349408149719,0.4930650293827057,0.6814616918563843,0.4411957561969757,56
TAME-Fusion,353,0.7882246376811595,0.8668405075506799,0.7276104724856856,0.7375621890547264,nan,nan,0.47499918937683105,0.525000810623169,0.6851566433906555,0.45048385858535767,60
TAME-Fusion,422,0.8085144927536232,0.8542950455888502,0.5527019796682717,0.7212153518123667,nan,nan,0.5182926654815674,0.4817073345184326,0.6852473020553589,0.4539493918418884,80
TAME-Fusion,450,0.7789855072463768,0.8471208445092814,0.6904545257593483,0.734363894811656,nan,nan,0.4692325294017792,0.5307675004005432,0.684396505355835,0.4478359520435333,80
TAME-Fusion,856,0.7943840579710145,0.8495302046963362,0.6381422326104835,0.7283226723525231,nan,nan,0.4925066828727722,0.5074933171272278,0.6845230460166931,0.4484056830406189,91
TAME-Fusion,471,0.7865942028985506,0.83468266691904,0.602787456445993,0.7283226723525231,nan,nan,0.516321063041687,0.4836789667606354,0.6838722825050354,0.44786420464515686,80
TAME-Fusion,672,0.783695652173913,0.8255306629132646,0.5255930087390761,0.7201492537313433,nan,nan,0.4984644651412964,0.5015355348587036,0.6870623230934143,0.4574711322784424,76
TAME-Fusion,713,0.7965579710144929,0.8477865807602826,0.6578947368421053,0.7350746268656716,nan,nan,0.46750640869140625,0.5324935913085938,0.6845671534538269,0.44650790095329285,104
TAME-Fusion,373,0.767572463768116,0.8353490834169446,0.7197541703248463,0.7350746268656716,nan,nan,0.4778757691383362,0.5221242308616638,0.6841573119163513,0.44725501537323,85
TAME-Fusion,342,0.8034420289855072,0.8416521727402496,0.7408977665107741,0.7508884150675195,nan,nan,0.5057790279388428,0.4942209720611572,0.6851599216461182,0.4524064362049103,76
TAME-Fusion,698,0.7889492753623188,0.8433150859437144,0.6167623022083115,0.7581734186211798,nan,nan,0.46433162689208984,0.5356683731079102,0.6809495687484741,0.4378463923931122,66
TAME-Fusion,74,0.7889492753623188,0.8608963874207042,0.6837177041789493,0.7535536602700782,nan,nan,0.4972050189971924,0.5027950406074524,0.6859999895095825,0.452178031206131,92
TAME-Fusion,636,0.8115942028985508,0.8652000438986379,0.7486480446927375,0.7412935323383084,nan,nan,0.495273619890213,0.5047262907028198,0.6870366334915161,0.4575042128562927,61
TAME-Fusion,681,0.777536231884058,0.8389046568909776,0.6769464324441552,0.7462686567164178,nan,nan,0.4880879819393158,0.5119119882583618,0.6845605373382568,0.4473237693309784,82
TAME-Fusion,776,0.7847826086956522,0.8469313344144854,0.6644591611479029,0.7468017057569296,nan,nan,0.4610801935195923,0.5389198064804077,0.6828625202178955,0.4418787658214569,88
TAME-Fusion,78,0.7869565217391304,0.8435918639954031,0.7023887220989427,0.7459132906894101,nan,nan,0.5021871328353882,0.49781277775764465,0.6821136474609375,0.44174304604530334,73
TAME-Fusion,260,0.790036231884058,0.8337001571199802,0.6097985467519471,0.7503553660270079,nan,nan,0.5073436498641968,0.4926563799381256,0.6863164901733398,0.4537433385848999,65
TAME-Fusion,96,0.7753623188405797,0.8276882758057931,0.6178255592162303,0.7308102345415779,nan,nan,0.4787166118621826,0.5212834477424622,0.6871893405914307,0.4588482975959778,88
TAME-Fusion,918,0.8170289855072462,0.8651052520568784,0.7197541703248463,0.7487562189054726,nan,nan,0.48770904541015625,0.5122909545898438,0.6870808005332947,0.4568866491317749,82
TAME-Fusion,714,0.8041666666666667,0.8556900210325182,0.6947791164658634,0.756041222459133,nan,nan,0.49547716975212097,0.5045228600502014,0.6848502159118652,0.4494408071041107,72
TAME-Fusion,42,0.7831521739130434,0.8342210715699518,0.5923141186299081,0.7222814498933903,nan,nan,0.46435272693634033,0.5356473326683044,0.684397280216217,0.44629931449890137,60
TAME-Fusion,778,0.808695652173913,0.8654327306052676,0.6641102300792928,0.7647476901208246,nan,nan,0.4887836277484894,0.511216402053833,0.6850261092185974,0.4499633014202118,99
TAME-Fusion,660,0.8344202898550724,0.877646500512189,0.670995670995671,0.7183724235963042,nan,nan,0.5075035095214844,0.49249640107154846,0.6813777685165405,0.4394409954547882,49
TAME-Fusion,431,0.8041666666666666,0.8647258371369981,0.714323178460597,0.7640369580668088,nan,nan,0.4692763388156891,0.5307237505912781,0.6834321618080139,0.4451460540294647,69
TAME-Fusion,804,0.7701086956521739,0.8448824212350426,0.7213200628601362,0.7253020611229566,nan,nan,0.45378121733665466,0.546218752861023,0.6808875799179077,0.4363606572151184,73
TAME-Fusion,186,0.8257246376811594,0.8735038703214795,0.6775059536696255,0.7366737739872068,nan,nan,0.49978944659233093,0.5002105236053467,0.6807153820991516,0.43850135803222656,51
TAME-Fusion,347,0.7972826086956523,0.8522508503295951,0.5965713788452335,0.7277896233120114,nan,nan,0.5098978281021118,0.49010226130485535,0.6781338453292847,0.4342283010482788,63
TAME-Fusion,60,0.8121376811594202,0.8655408198017571,0.7393483709273183,0.7563965884861407,nan,nan,0.47385501861572266,0.5261449217796326,0.684256374835968,0.44747263193130493,86
TAME-Fusion,86,0.7858695652173914,0.838391401409099,0.6110171329429624,0.7492892679459844,nan,nan,0.5053040981292725,0.49469590187072754,0.682996928691864,0.4458279013633728,62
TAME-Fusion,461,0.776268115942029,0.8567916148697394,0.6116983791402395,0.751954513148543,nan,nan,0.48087120056152344,0.5191287994384766,0.6857225298881531,0.4506077170372009,101
TAME-Fusion,889,0.7833333333333333,0.8539532677201618,0.6213121202849774,0.712864250177683,nan,nan,0.49295297265052795,0.5070470571517944,0.6869866847991943,0.4566285014152527,89
TAME-Fusion,397,0.7394927536231883,0.8183012763872353,0.623680667158928,0.7286780383795309,nan,nan,0.49044814705848694,0.5095518827438354,0.6858431696891785,0.45204636454582214,103
TAME-Fusion,309,0.8070652173913043,0.863050619183304,0.6769464324441552,0.6906538734896943,nan,nan,0.46021023392677307,0.5397897958755493,0.6836872100830078,0.4432849586009979,83
TAME-Fusion,798,0.8068840579710145,0.8606699800480561,0.617361111111111,0.7626154939587776,nan,nan,0.46673139929771423,0.5332685708999634,0.6819764971733093,0.43936607241630554,63
TAME-Fusion,594,0.806159420289855,0.8646132994728865,0.7166193181818181,0.7304548685145701,nan,nan,0.48794788122177124,0.5120521187782288,0.6847598552703857,0.4491190016269684,97
TAME-Fusion,643,0.807427536231884,0.8601796259747122,0.6968961331714929,0.7523098791755508,nan,nan,0.45993709564208984,0.5400629043579102,0.6814581155776978,0.4380754828453064,61
TAME-Fusion,455,0.7958333333333333,0.8521608796312683,0.6573608461938616,0.7553304904051172,nan,nan,0.48381710052490234,0.5161829590797424,0.6847909092903137,0.4488147497177124,76
TAME-Fusion,723,0.7686594202898551,0.8385344191274664,0.6643429313704265,0.751954513148543,nan,nan,0.46438851952552795,0.5356115102767944,0.6806060671806335,0.43469592928886414,102
TAME-Fusion,964,0.7722826086956521,0.8428177569001338,0.6927637784665139,0.7251243781094527,nan,nan,0.4940740764141083,0.5059259533882141,0.6862531900405884,0.45470130443573,76
TAME-Fusion,335,0.7927536231884058,0.8447000093150268,0.6576576576576576,0.7210376687988628,nan,nan,0.49502962827682495,0.504970371723175,0.6858408451080322,0.4523715674877167,74
TAME-Fusion,716,0.7545289855072463,0.8262140519038281,0.6041666666666667,0.7320540156361052,nan,nan,0.4842212498188019,0.5157787203788757,0.6853824853897095,0.4514685571193695,80
TAME-Fusion,127,0.8148550724637681,0.853310861793067,0.6960528603721092,0.7519545131485431,nan,nan,0.476387083530426,0.523612916469574,0.682615339756012,0.4437964856624603,62
TAME-Fusion,669,0.7349637681159421,0.8171410838432981,0.6315151515151516,0.7515991471215351,nan,nan,0.4630959630012512,0.5369040369987488,0.6812527775764465,0.4367898106575012,97
TAME-Fusion,323,0.7617753623188406,0.8171822807871046,0.5152495171360554,0.7201492537313432,nan,nan,0.4998287260532379,0.5001713037490845,0.6856555342674255,0.4522055685520172,88
TAME-Fusion,81,0.803804347826087,0.8605236919980166,0.6775059536696255,0.740227434257285,nan,nan,0.4701278507709503,0.5298721790313721,0.6842043399810791,0.44588354229927063,81
TAME-Fusion,553,0.8164855072463767,0.8718309913916161,0.7064091308165057,0.7258351101634684,nan,nan,0.4750956892967224,0.5249043703079224,0.6824972033500671,0.4423140585422516,74
TAME-Fusion,414,0.797282608695652,0.8473150960191496,0.5729587357330992,0.7308102345415778,nan,nan,0.4834057092666626,0.5165942311286926,0.6805323958396912,0.4373045563697815,76
TAME-Fusion,819,0.796195652173913,0.8480028839619821,0.7135218058294981,0.7436034115138592,nan,nan,0.5227084755897522,0.4772914946079254,0.6845064759254456,0.4482361376285553,71
TAME (zeroed),429,0.8251811594202899,0.8797537815076583,0.6971586971586972,0.6863894811656006,1.0,0.0,0.0,nan,0.0,0.0,120
TAME (zeroed),922,0.8721014492753624,0.908661947574856,0.7105263157894737,0.7023809523809524,1.0,0.0,0.0,nan,0.0,0.0,120
TAME (zeroed),979,0.8447463768115943,0.8845243909647569,0.7165040121448709,0.6837242359630419,1.0,0.0,0.0,nan,0.0,0.0,106
TAME (zeroed),445,0.8239130434782608,0.8752795565841129,0.7299709692794315,0.6805259417199716,1.0,0.0,0.0,nan,0.0,0.0,118
TAME (zeroed),419,0.8302536231884058,0.8757075777075931,0.703626673599376,0.6910092395167022,1.0,0.0,0.0,nan,0.0,0.0,106
TAME (zeroed),739,0.8507246376811595,0.8950000364272402,0.7038319982680235,0.6853233830845772,1.0,0.0,0.0,nan,0.0,0.0,120
TAME (zeroed),148,0.8648550724637681,0.9002991874314906,0.7038319982680235,0.7000710732054015,1.0,0.0,0.0,nan,0.0,0.0,120
TAME (zeroed),315,0.8304347826086956,0.8787609106818031,0.7103257103257103,0.7045131485429992,1.0,0.0,0.0,nan,0.0,0.0,120
TAME (zeroed),156,0.8244565217391304,0.8729572837079325,0.6841558441558442,0.6965174129353233,1.0,0.0,0.0,nan,0.0,0.0,120
TAME (zeroed),656,0.8528985507246377,0.896891785786287,0.7232529911565806,0.7043354655294953,1.0,0.0,0.0,nan,0.0,0.0,120
TAME (zeroed),169,0.8536231884057971,0.890928650046693,0.7169950205672223,0.7048685145700071,1.0,0.0,0.0,nan,0.0,0.0,120
TAME (zeroed),475,0.8471014492753624,0.8902093688395988,0.6973160173160173,0.6853233830845772,1.0,0.0,0.0,nan,0.0,0.0,120
TAME (zeroed),392,0.8219202898550725,0.8725520533084052,0.6907760896853222,0.7025586353944563,1.0,0.0,0.0,nan,0.0,0.0,87
TAME (zeroed),763,0.859963768115942,0.9022051047507709,0.7236363636363636,0.6970504619758351,1.0,0.0,0.0,nan,0.0,0.0,120
TAME (zeroed),359,0.840036231884058,0.8854660595485124,0.6973160173160173,0.6902985074626866,1.0,0.0,0.0,nan,0.0,0.0,120
TAME (zeroed),633,0.8280797101449275,0.8777662249981247,0.7103257103257103,0.6684434968017058,1.0,0.0,0.0,nan,0.0,0.0,68
TAME (zeroed),824,0.8273550724637682,0.8802546037467245,0.6705392751864054,0.6956289978678039,1.0,0.0,0.0,nan,0.0,0.0,120
TAME (zeroed),183,0.8414855072463768,0.8793930154321844,0.6907760896853222,0.6911869225302062,1.0,0.0,0.0,nan,0.0,0.0,71
TAME (zeroed),830,0.8230072463768116,0.8566710790853048,0.6968961331714929,0.6915422885572139,1.0,0.0,0.0,nan,0.0,0.0,120
TAME (zeroed),963,0.8382246376811594,0.8838677160032546,0.7236842105263158,0.7032693674484719,1.0,0.0,0.0,nan,0.0,0.0,120
TAME (zeroed),212,0.8289855072463768,0.874301729702694,0.683991683991684,0.6803482587064676,1.0,0.0,0.0,nan,0.0,0.0,78
TAME (zeroed),886,0.851268115942029,0.8972111482469406,0.6904545257593483,0.7098436389481165,1.0,0.0,0.0,nan,0.0,0.0,120
TAME (zeroed),846,0.8351449275362318,0.8789051356431045,0.6907760896853222,0.6780383795309168,1.0,0.0,0.0,nan,0.0,0.0,106
TAME (zeroed),118,0.8463768115942029,0.8949869406355956,0.7234927234927235,0.6949182658137882,1.0,0.0,0.0,nan,0.0,0.0,120
TAME (zeroed),158,0.8317028985507247,0.8774003151010386,0.6907760896853222,0.6920753375977257,1.0,0.0,0.0,nan,0.0,0.0,120
TAME (zeroed),771,0.8443840579710145,0.8757708741788409,0.6906689759688245,0.6997157071783938,1.0,0.0,0.0,nan,0.0,0.0,120
TAME (zeroed),772,0.8320652173913043,0.8836060182765304,0.670995670995671,0.662224591329069,1.0,0.0,0.0,nan,0.0,0.0,101
TAME (zeroed),184,0.846195652173913,0.891913030088535,0.6828377673448096,0.6920753375977257,1.0,0.0,0.0,nan,0.0,0.0,81
TAME (zeroed),722,0.8032608695652175,0.8492534502719699,0.7033181522446323,0.675728500355366,1.0,0.0,0.0,nan,0.0,0.0,61
TAME (zeroed),140,0.819927536231884,0.8702393760787954,0.6971586971586972,0.6879886282871358,1.0,0.0,0.0,nan,0.0,0.0,120
TAME (zeroed),239,0.8501811594202898,0.8902783752380847,0.6837177041789493,0.6968727789623312,1.0,0.0,0.0,nan,0.0,0.0,120
TAME (zeroed),518,0.8346014492753624,0.8760831327727265,0.7097222222222221,0.6929637526652451,1.0,0.0,0.0,nan,0.0,0.0,120
TAME (zeroed),690,0.8307971014492753,0.8584966876017495,0.7033181522446323,0.6593816631130064,1.0,0.0,0.0,nan,0.0,0.0,94
TAME (zeroed),480,0.8369565217391305,0.8844215016901413,0.7167988214394038,0.6892324093816631,1.0,0.0,0.0,nan,0.0,0.0,85
TAME (zeroed),507,0.8253623188405798,0.8428294794823024,0.7080495896629999,0.6666666666666666,1.0,0.0,0.0,nan,0.0,0.0,95
TAME (zeroed),287,0.8166666666666667,0.8748025558066533,0.6907760896853222,0.6910092395167022,1.0,0.0,0.0,nan,0.0,0.0,67
TAME (zeroed),875,0.8356884057971014,0.882209338523265,0.683991683991684,0.6927860696517413,1.0,0.0,0.0,nan,0.0,0.0,112
TAME (zeroed),720,0.843840579710145,0.887039528268163,0.670995670995671,0.7022032693674485,1.0,0.0,0.0,nan,0.0,0.0,120
TAME (zeroed),596,0.8360507246376812,0.8865476649389956,0.7361111111111112,0.6970504619758351,1.0,0.0,0.0,nan,0.0,0.0,119
TAME (zeroed),759,0.8153985507246376,0.8632213593981053,0.7236363636363636,0.6814143567874911,1.0,0.0,0.0,nan,0.0,0.0,64
TAME (zeroed),932,0.8483695652173913,0.8902744592271385,0.7361111111111112,0.6926083866382373,1.0,0.0,0.0,nan,0.0,0.0,120
TAME (zeroed),835,0.8175724637681159,0.8687938718989864,0.703934553954032,0.677683013503909,1.0,0.0,0.0,nan,0.0,0.0,86
TAME (zeroed),523,0.836231884057971,0.8816015789225824,0.7169950205672223,0.67999289267946,1.0,0.0,0.0,nan,0.0,0.0,99
TAME (zeroed),385,0.8318840579710144,0.8740768391606298,0.6906689759688245,0.6902985074626865,1.0,0.0,0.0,nan,0.0,0.0,94
TAME (zeroed),412,0.8193840579710144,0.8607003471863677,0.7029057898623117,0.685501066098081,1.0,0.0,0.0,nan,0.0,0.0,87
TAME (zeroed),464,0.8349637681159421,0.8877646476878736,0.7170930182227416,0.6975835110163469,1.0,0.0,0.0,nan,0.0,0.0,115
TAME (zeroed),620,0.8402173913043478,0.89071521847846,0.703934553954032,0.7000710732054016,1.0,0.0,0.0,nan,0.0,0.0,87
TAME (zeroed),65,0.8465579710144928,0.8885122870274493,0.6769464324441552,0.6950959488272921,1.0,0.0,0.0,nan,0.0,0.0,120
TAME (zeroed),695,0.8411231884057971,0.8866781868977788,0.703626673599376,0.7094882729211087,1.0,0.0,0.0,nan,0.0,0.0,82
TAME (zeroed),222,0.8364130434782608,0.8839727370990268,0.7236363636363636,0.6929637526652451,1.0,0.0,0.0,nan,0.0,0.0,120
TAME (zeroed),591,0.8152173913043478,0.8561045473785527,0.7100745621640367,0.6807036247334755,1.0,0.0,0.0,nan,0.0,0.0,92
TAME (zeroed),893,0.8398550724637681,0.8867041192367915,0.7104761904761905,0.6810589907604834,1.0,0.0,0.0,nan,0.0,0.0,96
TAME (zeroed),959,0.8192028985507246,0.8708875554176186,0.7097222222222221,0.6831911869225302,1.0,0.0,0.0,nan,0.0,0.0,120
TAME (zeroed),353,0.8318840579710144,0.8776298889506404,0.703626673599376,0.6895877754086709,1.0,0.0,0.0,nan,0.0,0.0,76
TAME (zeroed),422,0.8295289855072464,0.873946421551098,0.6842105263157895,0.6885216773276475,1.0,0.0,0.0,nan,0.0,0.0,120
TAME (zeroed),450,0.8327898550724637,0.8770649639619721,0.703934553954032,0.6918976545842217,1.0,0.0,0.0,nan,0.0,0.0,120
TAME (zeroed),856,0.8289855072463768,0.8773358661600473,0.7038319982680235,0.6982942430703625,1.0,0.0,0.0,nan,0.0,0.0,120
TAME (zeroed),471,0.819927536231884,0.8704953473735235,0.7104761904761905,0.6810589907604833,1.0,0.0,0.0,nan,0.0,0.0,101
TAME (zeroed),672,0.8221014492753623,0.8708055712039224,0.6708246708246708,0.6920753375977257,1.0,0.0,0.0,nan,0.0,0.0,120
TAME (zeroed),713,0.8371376811594202,0.8841641494209262,0.6769464324441552,0.6830135039090263,1.0,0.0,0.0,nan,0.0,0.0,77
TAME (zeroed),373,0.8170289855072465,0.8648581097029467,0.6973160173160173,0.6906538734896944,1.0,0.0,0.0,nan,0.0,0.0,120
TAME (zeroed),342,0.8440217391304348,0.8898853948040666,0.7169950205672223,0.6897654584221748,1.0,0.0,0.0,nan,0.0,0.0,108
TAME (zeroed),698,0.8336956521739131,0.87975089108778,0.6907760896853222,0.665955934612651,1.0,0.0,0.0,nan,0.0,0.0,120
TAME (zeroed),74,0.836413043478261,0.8800247830505269,0.7038319982680235,0.689410092395167,1.0,0.0,0.0,nan,0.0,0.0,88
TAME (zeroed),636,0.8257246376811594,0.8778129257516061,0.6505747126436782,0.6805259417199716,1.0,0.0,0.0,nan,0.0,0.0,120
TAME (zeroed),681,0.8103260869565218,0.852704594128396,0.6708246708246708,0.668088130774698,1.0,0.0,0.0,nan,0.0,0.0,40
TAME (zeroed),776,0.811231884057971,0.8629689247312928,0.7038319982680235,0.6766169154228856,1.0,0.0,0.0,nan,0.0,0.0,119
TAME (zeroed),78,0.8282608695652174,0.8554553703489334,0.6897016027450811,0.6927860696517414,1.0,0.0,0.0,nan,0.0,0.0,119
TAME (zeroed),260,0.821195652173913,0.866604494812161,0.6907760896853222,0.6815920398009951,1.0,0.0,0.0,nan,0.0,0.0,106
TAME (zeroed),96,0.8333333333333333,0.8803820848078818,0.703934553954032,0.681947405828003,1.0,0.0,0.0,nan,0.0,0.0,120
TAME (zeroed),918,0.820108695652174,0.8586508545464664,0.7229166666666667,0.6977611940298508,1.0,0.0,0.0,nan,0.0,0.0,120
TAME (zeroed),714,0.8221014492753622,0.859726550613225,0.7161099769795423,0.7002487562189055,1.0,0.0,0.0,nan,0.0,0.0,120
TAME (zeroed),42,0.8469202898550726,0.8952925672425704,0.7038319982680235,0.6917199715707179,1.0,0.0,0.0,nan,0.0,0.0,98
TAME (zeroed),778,0.8110507246376811,0.8490356331947212,0.7033181522446323,0.6767945984363894,1.0,0.0,0.0,nan,0.0,0.0,114
TAME (zeroed),660,0.832427536231884,0.8756264778939831,0.6973684210526315,0.6949182658137882,1.0,0.0,0.0,nan,0.0,0.0,120
TAME (zeroed),431,0.8382246376811594,0.8767980270236924,0.7104761904761905,0.67590618336887,1.0,0.0,0.0,nan,0.0,0.0,106
TAME (zeroed),804,0.818840579710145,0.871647969984757,0.6776176254166126,0.6839019189765458,1.0,0.0,0.0,nan,0.0,0.0,120
TAME (zeroed),186,0.8329710144927537,0.8752548031418663,0.6710526315789473,0.691542288557214,1.0,0.0,0.0,nan,0.0,0.0,120
TAME (zeroed),347,0.8295289855072464,0.8773820028395612,0.7478610092544089,0.687455579246624,1.0,0.0,0.0,nan,0.0,0.0,92
TAME (zeroed),60,0.8367753623188406,0.8819905246551656,0.7169950205672223,0.6982942430703625,1.0,0.0,0.0,nan,0.0,0.0,120
TAME (zeroed),86,0.8509057971014492,0.8976657947782974,0.7103257103257103,0.6970504619758351,1.0,0.0,0.0,nan,0.0,0.0,120
TAME (zeroed),461,0.8143115942028986,0.859581614643939,0.7293141640967729,0.6936744847192609,1.0,0.0,0.0,nan,0.0,0.0,119
TAME (zeroed),889,0.8228260869565217,0.8723804161417439,0.703626673599376,0.6840796019900497,1.0,0.0,0.0,nan,0.0,0.0,63
TAME (zeroed),397,0.823731884057971,0.8743118930366757,0.703934553954032,0.679637526652452,1.0,0.0,0.0,nan,0.0,0.0,91
TAME (zeroed),309,0.847463768115942,0.8915574773589796,0.703934553954032,0.703269367448472,1.0,0.0,0.0,nan,0.0,0.0,102
TAME (zeroed),798,0.8291666666666666,0.8847059896159665,0.6906689759688245,0.6773276474769012,1.0,0.0,0.0,nan,0.0,0.0,106
TAME (zeroed),594,0.8240942028985508,0.8781663174565257,0.6973684210526315,0.6910092395167022,1.0,0.0,0.0,nan,0.0,0.0,99
TAME (zeroed),643,0.8306159420289855,0.8555579359526793,0.7104761904761905,0.685678749111585,1.0,0.0,0.0,nan,0.0,0.0,120
TAME (zeroed),455,0.841304347826087,0.8857032689607633,0.6973160173160173,0.6950959488272921,1.0,0.0,0.0,nan,0.0,0.0,119
TAME (zeroed),723,0.8304347826086957,0.8785392317972129,0.7361111111111112,0.6869225302061124,1.0,0.0,0.0,nan,0.0,0.0,76
TAME (zeroed),964,0.8331521739130433,0.8802659946573341,0.7293141640967729,0.6773276474769013,1.0,0.0,0.0,nan,0.0,0.0,83
TAME (zeroed),335,0.8286231884057971,0.8765798102746274,0.6500890413933893,0.6851457000710731,1.0,0.0,0.0,nan,0.0,0.0,120
TAME (zeroed),716,0.8496376811594202,0.8910985597972676,0.7104761904761905,0.6926083866382374,1.0,0.0,0.0,nan,0.0,0.0,103
TAME (zeroed),127,0.8291666666666667,0.8820460838630737,0.7425183512140034,0.6938521677327647,1.0,0.0,0.0,nan,0.0,0.0,69
TAME (zeroed),669,0.831159420289855,0.8625564032800224,0.7097222222222221,0.6757285003553661,1.0,0.0,0.0,nan,0.0,0.0,120
TAME (zeroed),323,0.8317028985507245,0.8796705720746758,0.6973160173160173,0.6812366737739872,1.0,0.0,0.0,nan,0.0,0.0,120
TAME (zeroed),81,0.834963768115942,0.8831721861053523,0.6906689759688245,0.6918976545842217,1.0,0.0,0.0,nan,0.0,0.0,112
TAME (zeroed),553,0.8202898550724638,0.8612202488850436,0.6573608461938616,0.6917199715707179,1.0,0.0,0.0,nan,0.0,0.0,120
TAME (zeroed),414,0.8268115942028985,0.876782534791805,0.6769464324441552,0.6846126510305615,1.0,0.0,0.0,nan,0.0,0.0,120
TAME (zeroed),819,0.8190217391304349,0.8794207536172183,0.703934553954032,0.693319118692253,1.0,0.0,0.0,nan,0.0,0.0,120
TAME (scalar gate),429,0.8003623188405797,0.8654117605248004,0.703626673599376,0.7267235252309879,0.3337330222129822,0.3178281784057617,0.3484387695789337,nan,1.026559591293335,0.21014460921287537,93
TAME (scalar gate),922,0.8117753623188406,0.8658177061277361,0.7229166666666667,0.7357853589196873,0.3377569913864136,0.3157180845737457,0.3465249538421631,nan,1.0432913303375244,0.22706422209739685,110
TAME (scalar gate),979,0.8219202898550725,0.8785834905144458,0.6573608461938616,0.7242359630419332,0.2471623420715332,0.3958674669265747,0.3569702208042145,nan,1.0310114622116089,0.2070687711238861,67
TAME (scalar gate),445,0.8032608695652175,0.8548633396110062,0.6841558441558442,0.7253020611229566,0.3412310779094696,0.3366260826587677,0.3221428394317627,nan,1.0442746877670288,0.22329752147197723,79
TAME (scalar gate),419,0.7963768115942029,0.852793365540178,0.7017658600392414,0.7233475479744136,0.35398897528648376,0.3008987307548523,0.34511229395866394,nan,1.0325579643249512,0.2118213027715683,79
TAME (scalar gate),739,0.8097826086956522,0.8699762439622323,0.6710526315789473,0.7277896233120114,0.28894516825675964,0.4217403531074524,0.28931450843811035,nan,1.0369349718093872,0.2287127822637558,93
TAME (scalar gate),148,0.8016304347826088,0.8594650337468255,0.7100745621640367,0.7418265813788202,0.2877803146839142,0.4017869830131531,0.3104327917098999,nan,1.0215411186218262,0.20533782243728638,102
TAME (scalar gate),315,0.8079710144927535,0.859993049214728,0.6222367560497057,0.7496446339729922,0.37316495180130005,0.3874649703502655,0.23937007784843445,nan,1.0176759958267212,0.19603905081748962,118
TAME (scalar gate),156,0.8336956521739131,0.8818506771446225,0.735191637630662,0.7320540156361052,0.2387959063053131,0.45592200756073,0.3052820861339569,nan,1.0061453580856323,0.20547814667224884,77
TAME (scalar gate),656,0.821376811594203,0.8698427045287208,0.7167988214394038,0.7297441364605544,0.3023642301559448,0.3394550681114197,0.3581807315349579,nan,1.0132153034210205,0.19563761353492737,91
TAME (scalar gate),169,0.8090579710144926,0.8475861043997243,0.7087108013937282,0.736140724946695,0.32872337102890015,0.31599700450897217,0.3552796244621277,nan,1.035449504852295,0.2148091197013855,86
TAME (scalar gate),475,0.8056159420289856,0.864462338743013,0.623680667158928,0.7379175550817343,0.3020796477794647,0.4388251006603241,0.2590952515602112,nan,1.0249536037445068,0.212429016828537,112
TAME (scalar gate),392,0.8130434782608696,0.8529191455796414,0.7156158900056564,0.7237029140014215,0.34450429677963257,0.3063576817512512,0.3491379916667938,nan,1.0210816860198975,0.19867627322673798,69
TAME (scalar gate),763,0.8320652173913043,0.8727998792215539,0.7213200628601362,0.7197938877043354,0.3066697418689728,0.3156798183917999,0.3776504695415497,nan,1.0358376502990723,0.2078762799501419,64
TAME (scalar gate),359,0.8425724637681159,0.8895359874326307,0.7685245616325109,0.7253020611229567,0.29074668884277344,0.286449670791626,0.4228036105632782,nan,0.9954279065132141,0.17244690656661987,43
TAME (scalar gate),633,0.8242753623188405,0.8652586102016456,0.7471988795518207,0.765636105188344,0.25425273180007935,0.3827763497829437,0.36297085881233215,nan,1.0222104787826538,0.21364633738994598,102
TAME (scalar gate),824,0.8041666666666667,0.8467840332379899,0.6960528603721092,0.7137526652452025,0.24505124986171722,0.426697701215744,0.32825106382369995,nan,0.9653677940368652,0.16291822493076324,92
TAME (scalar gate),183,0.82481884057971,0.8705328222734597,0.6775059536696255,0.7176616915422885,0.25099125504493713,0.37280386686325073,0.37620487809181213,nan,1.009222149848938,0.1874883472919464,71
TAME (scalar gate),830,0.7985507246376811,0.860526140934867,0.733099209833187,0.7414712153518124,0.24588768184185028,0.38766616582870483,0.3664461374282837,nan,0.9910781383514404,0.1726161688566208,82
TAME (scalar gate),963,0.7728260869565218,0.8400963571449622,0.6906689759688245,0.7563965884861408,0.3409188687801361,0.3150607645511627,0.3440203368663788,nan,0.9982734322547913,0.1860196888446808,96
TAME (scalar gate),212,0.8153985507246377,0.872970129640095,0.6627072183788018,0.7254797441364605,0.248003751039505,0.3715878129005432,0.3804084062576294,nan,1.0397628545761108,0.2124403715133667,69
TAME (scalar gate),886,0.8213768115942031,0.8613290875879904,0.7167988214394038,0.7235252309879177,0.2976531386375427,0.3353281319141388,0.3670187294483185,nan,1.0183335542678833,0.19442209601402283,91
TAME (scalar gate),846,0.8192028985507246,0.867348795256113,0.7652561443762962,0.7380952380952381,0.22860099375247955,0.3503013551235199,0.42109766602516174,nan,1.0157374143600464,0.20366114377975464,95
TAME (scalar gate),118,0.8103260869565216,0.8706555464663737,0.731211317418214,0.7290334044065387,0.2616218030452728,0.32754752039909363,0.41083067655563354,nan,1.0231791734695435,0.2073846459388733,101
TAME (scalar gate),158,0.8447463768115941,0.8892104882871411,0.7038319982680235,0.7242359630419332,0.3241268992424011,0.32923904061317444,0.34663403034210205,nan,1.0581523180007935,0.24106469750404358,51
TAME (scalar gate),771,0.8079710144927537,0.864491224225747,0.703626673599376,0.7476901208244492,0.32355475425720215,0.32309582829475403,0.35334938764572144,nan,1.038029670715332,0.21871306002140045,109
TAME (scalar gate),772,0.770108695652174,0.8206394047203067,0.6764974156278504,0.7434257285003554,0.32485416531562805,0.3153359591960907,0.359809935092926,nan,1.0348502397537231,0.21135367453098297,100
TAME (scalar gate),184,0.802536231884058,0.8413761364142776,0.6901322923443938,0.7197938877043355,0.29856133460998535,0.36346855759620667,0.3379700779914856,nan,0.9970143437385559,0.18268415331840515,87
TAME (scalar gate),722,0.8019927536231883,0.864024283232597,0.72884305791237,0.7281449893390192,0.35508549213409424,0.3377557694911957,0.30715876817703247,nan,1.032607078552246,0.21599116921424866,111
TAME (scalar gate),140,0.823550724637681,0.8687260142589263,0.7268463730002191,0.7187277896233121,0.2490062117576599,0.3813175559043884,0.36967626214027405,nan,0.9434125423431396,0.1398572027683258,86
TAME (scalar gate),239,0.8297101449275363,0.8725284503218412,0.6947791164658634,0.7180170575692963,0.29505667090415955,0.33816179633140564,0.3667815029621124,nan,1.025536060333252,0.20631787180900574,74
TAME (scalar gate),518,0.7967391304347825,0.8503130017750238,0.7010358844355085,0.7004264392324094,0.3483169674873352,0.28717076778411865,0.36451226472854614,nan,1.0236176252365112,0.20222337543964386,67
TAME (scalar gate),690,0.8280797101449275,0.8832142965843017,0.6973684210526315,0.7352523098791756,0.32280945777893066,0.30671998858451843,0.3704705536365509,nan,1.0452308654785156,0.2259562462568283,72
TAME (scalar gate),480,0.8250000000000001,0.8766994504079855,0.7282755613690866,0.7455579246624022,0.2942405641078949,0.2870056927204132,0.4187537431716919,nan,1.0278443098068237,0.2044762820005417,96
TAME (scalar gate),507,0.8384057971014492,0.8838176961498622,0.7415304120340092,0.7453802416488985,0.27093398571014404,0.34297072887420654,0.3860953152179718,nan,1.0229243040084839,0.20565655827522278,95
TAME (scalar gate),287,0.8079710144927537,0.8648623989386036,0.6897016027450811,0.746090973702914,0.28568312525749207,0.34714600443840027,0.36717087030410767,nan,1.009360909461975,0.18690668046474457,92
TAME (scalar gate),875,0.8309782608695653,0.8801814427174668,0.6569444444444444,0.7341862117981521,0.20399852097034454,0.40116971731185913,0.3948317766189575,nan,0.9924407601356506,0.17460158467292786,90
TAME (scalar gate),720,0.7846014492753622,0.8551588161607244,0.6907760896853222,0.7263681592039801,0.3120773136615753,0.3281160891056061,0.3598065972328186,nan,1.0256447792053223,0.2036607414484024,110
TAME (scalar gate),596,0.8077898550724638,0.860588413945623,0.7224830464267084,0.7420042643923241,0.30793920159339905,0.3379709720611572,0.35408979654312134,nan,1.0393753051757812,0.22072136402130127,106
TAME (scalar gate),759,0.8090579710144926,0.8571450693367253,0.72884305791237,0.7158848614072495,0.24628521502017975,0.377731055021286,0.37598368525505066,nan,1.0279653072357178,0.2146218717098236,87
TAME (scalar gate),932,0.8306159420289855,0.8714292802352179,0.7038319982680235,0.7224591329068941,0.2595427930355072,0.3238391876220703,0.4166180193424225,nan,0.9931742548942566,0.16046671569347382,60
TAME (scalar gate),835,0.8047101449275362,0.8590153529429738,0.7259816207184628,0.7194385216773276,0.2561433017253876,0.3467347323894501,0.3971219062805176,nan,1.0086334943771362,0.18662488460540771,102
TAME (scalar gate),523,0.8170289855072463,0.8754475076491746,0.7276104724856856,0.7212153518123667,0.3128097653388977,0.2958534061908722,0.3913367986679077,nan,1.0257072448730469,0.20360739529132843,109
TAME (scalar gate),385,0.806340579710145,0.860877260324961,0.735191637630662,0.7432480454868515,0.3093075752258301,0.26142042875289917,0.42927196621894836,nan,1.020468831062317,0.2101806402206421,105
TAME (scalar gate),412,0.8105072463768117,0.8688936391113358,0.6906689759688245,0.7427149964463398,0.2794111371040344,0.37305888533592224,0.34752994775772095,nan,1.0276492834091187,0.21026737987995148,98
TAME (scalar gate),464,0.8119565217391306,0.8700844452886131,0.7384282751621585,0.7468017057569296,0.23782427608966827,0.36422792077064514,0.39794784784317017,nan,1.0035496950149536,0.18081246316432953,93
TAME (scalar gate),620,0.8161231884057972,0.8619160989258281,0.7087108013937282,0.708955223880597,0.25030824542045593,0.3203994035720825,0.4292922914028168,nan,1.035585880279541,0.22618819773197174,70
TAME (scalar gate),65,0.8420289855072464,0.8881733681160615,0.735191637630662,0.7574626865671641,0.30301961302757263,0.34514033794403076,0.3518400490283966,nan,1.0598063468933105,0.24210484325885773,120
TAME (scalar gate),695,0.7990942028985507,0.8553896732093449,0.7268463730002191,0.7231698649609098,0.28842630982398987,0.3379036486148834,0.3736700713634491,nan,1.005349040031433,0.18551278114318848,88
TAME (scalar gate),222,0.803623188405797,0.8492858950311342,0.7167988214394038,0.7412935323383085,0.2905642092227936,0.3318517208099365,0.3775840699672699,nan,1.0176805257797241,0.1975902020931244,95
TAME (scalar gate),591,0.8097826086956522,0.8670274012103014,0.7038319982680235,0.730277185501066,0.26637911796569824,0.3556157350540161,0.37800514698028564,nan,1.029413104057312,0.2055312693119049,112
TAME (scalar gate),893,0.779891304347826,0.8511261537307284,0.6907760896853222,0.7398720682302773,0.2785959541797638,0.3884071707725525,0.33299684524536133,nan,1.0213351249694824,0.20968176424503326,106
TAME (scalar gate),959,0.8242753623188406,0.8716227886241952,0.703934553954032,0.7242359630419333,0.2780642509460449,0.3157033622264862,0.4062323570251465,nan,0.9359108805656433,0.1328568309545517,49
TAME (scalar gate),353,0.8114130434782609,0.8592281451233545,0.7219512195121951,0.7357853589196872,0.2582186460494995,0.3834257423877716,0.3583556115627289,nan,0.9959338903427124,0.17739294469356537,100
TAME (scalar gate),422,0.7938405797101449,0.8550534541522374,0.7219512195121951,0.7295664534470505,0.2839042842388153,0.34700635075569153,0.3690893054008484,nan,1.0115047693252563,0.193109393119812,88
TAME (scalar gate),450,0.7900362318840579,0.8527476633289597,0.6906689759688245,0.7484008528784648,0.32763463258743286,0.35204026103019714,0.3203250765800476,nan,1.043716311454773,0.23079408705234528,110
TAME (scalar gate),856,0.8148550724637681,0.8592391330990886,0.6705392751864054,0.7377398720682303,0.309553325176239,0.3304223418235779,0.3600243330001831,nan,1.0384106636047363,0.21982088685035706,109
TAME (scalar gate),471,0.8061594202898551,0.8654568719555336,0.6775059536696255,0.7434257285003554,0.2883928418159485,0.38518616557121277,0.32642093300819397,nan,1.0237892866134644,0.20717857778072357,87
TAME (scalar gate),672,0.8393115942028985,0.8909045852559366,0.7420702258190837,0.7300995024875622,0.32926949858665466,0.30054113268852234,0.370189368724823,nan,1.0497632026672363,0.22673346102237701,102
TAME (scalar gate),713,0.7945652173913044,0.8534593417359486,0.7161099769795423,0.7432480454868515,0.282282292842865,0.391512930393219,0.32620474696159363,nan,1.0182015895843506,0.19490955770015717,104
TAME (scalar gate),373,0.8072463768115942,0.8618942967619873,0.7259816207184628,0.7299218194740583,0.26176294684410095,0.38783878087997437,0.3503982424736023,nan,0.9988722801208496,0.17746204137802124,103
TAME (scalar gate),342,0.821195652173913,0.8786233188971524,0.7338935574229692,0.7119758351101635,0.3829103708267212,0.24572382867336273,0.37136584520339966,nan,1.0128512382507324,0.19587048888206482,120
TAME (scalar gate),698,0.8106884057971016,0.8654543511528031,0.64375,0.7213930348258706,0.31343957781791687,0.37652644515037537,0.31003400683403015,nan,1.0340262651443481,0.22456306219100952,80
TAME (scalar gate),74,0.8023550724637681,0.85783165308927,0.7547852626989318,0.7308102345415779,0.28896135091781616,0.30238479375839233,0.4086538553237915,nan,1.0301833152770996,0.22064436972141266,60
TAME (scalar gate),636,0.8309782608695653,0.8753974709720516,0.7232529911565806,0.7050461975835111,0.28894782066345215,0.25372201204299927,0.45733019709587097,nan,0.9671353697776794,0.145926833152771,44
TAME (scalar gate),681,0.8159420289855073,0.8678336214343985,0.715020710704164,0.7059346126510306,0.26693254709243774,0.3076290488243103,0.42543837428092957,nan,0.9530339241027832,0.14191195368766785,43
TAME (scalar gate),776,0.8141304347826088,0.8686661898985006,0.7100745621640367,0.7263681592039801,0.2950878441333771,0.32253992557525635,0.3823722302913666,nan,1.0430543422698975,0.2296980768442154,85
TAME (scalar gate),78,0.8146739130434784,0.874196077723657,0.7541850605358627,0.7364960909737029,0.26842382550239563,0.3598317503929138,0.37174445390701294,nan,1.036600947380066,0.21559397876262665,89
TAME (scalar gate),260,0.797644927536232,0.8531040408167618,0.6960528603721092,0.7240582800284292,0.2900366485118866,0.3783416152000427,0.33162176609039307,nan,0.9853371381759644,0.17192791402339935,94
TAME (scalar gate),96,0.8166666666666668,0.8722833856036972,0.7415304120340092,0.7425373134328358,0.3110021948814392,0.30344411730766296,0.38555365800857544,nan,1.0196501016616821,0.19582149386405945,106
TAME (scalar gate),918,0.8289855072463768,0.8831376542580051,0.6772823779193206,0.7400497512437811,0.3651067614555359,0.3376845717430115,0.29720866680145264,nan,1.0525257587432861,0.23318658769130707,78
TAME (scalar gate),714,0.836231884057971,0.8732620519373351,0.7100745621640367,0.7302771855010661,0.3121407926082611,0.3480839729309082,0.3397752344608307,nan,0.9869223833084106,0.17859865725040436,90
TAME (scalar gate),42,0.816304347826087,0.8719466643818264,0.7023887220989427,0.7379175550817342,0.3149162828922272,0.33216601610183716,0.35291773080825806,nan,1.0391762256622314,0.21885216236114502,120
TAME (scalar gate),778,0.8306159420289855,0.8744709415793607,0.7364314201491243,0.7492892679459843,0.26626065373420715,0.3303609788417816,0.40337836742401123,nan,1.0191586017608643,0.1969347894191742,61
TAME (scalar gate),660,0.8045289855072465,0.8597420269067844,0.6971586971586972,0.7498223169864962,0.3215937316417694,0.3628714680671692,0.3155348002910614,nan,1.0282657146453857,0.20890307426452637,96
TAME (scalar gate),431,0.8266304347826087,0.87460723967449,0.7361111111111112,0.736318407960199,0.2931801974773407,0.3088221251964569,0.3979976773262024,nan,1.0022095441818237,0.18221737444400787,67
TAME (scalar gate),804,0.8003623188405797,0.8476282009085704,0.6362528825653744,0.7329424307036247,0.2624581456184387,0.4269559681415558,0.3105858862400055,nan,1.0239211320877075,0.2220015823841095,76
TAME (scalar gate),186,0.8206521739130435,0.8789769009912483,0.7229166666666667,0.711087420042644,0.3120158314704895,0.3631736934185028,0.3248104751110077,nan,1.0483449697494507,0.23584085702896118,88
TAME (scalar gate),347,0.7940217391304347,0.8568082624140807,0.7097222222222221,0.7421819474058281,0.29916414618492126,0.32255786657333374,0.3782780170440674,nan,1.0201712846755981,0.2000531107187271,101
TAME (scalar gate),60,0.8291666666666667,0.8787772266158909,0.6973684210526315,0.7085998578535893,0.299723744392395,0.33613693714141846,0.3641393184661865,nan,1.0541149377822876,0.23765575885772705,71
TAME (scalar gate),86,0.8376811594202899,0.8913418127974767,0.7296898720451095,0.7485785358919688,0.3514498770236969,0.2942097783088684,0.35434040427207947,nan,1.0519577264785767,0.2330031543970108,91
TAME (scalar gate),461,0.8291666666666666,0.8737781197877604,0.6968961331714929,0.7267235252309879,0.2722301781177521,0.37517479062080383,0.3525950312614441,nan,1.0149571895599365,0.1995588093996048,98
TAME (scalar gate),889,0.8028985507246377,0.8598393498428727,0.735191637630662,0.7254797441364604,0.2943167984485626,0.3534558415412903,0.3522273302078247,nan,1.0157122611999512,0.197149395942688,78
TAME (scalar gate),397,0.8018115942028985,0.8632080166011766,0.7384282751621585,0.7466240227434258,0.2721876800060272,0.3082787096500397,0.4195336401462555,nan,1.026756763458252,0.2205664962530136,97
TAME (scalar gate),309,0.8347826086956521,0.870032000045938,0.703626673599376,0.7281449893390193,0.28586775064468384,0.32547950744628906,0.3886527121067047,nan,0.9823954105377197,0.1580314189195633,79
TAME (scalar gate),798,0.8009057971014492,0.8414519383297313,0.6641102300792928,0.6990049751243781,0.26707085967063904,0.34691211581230164,0.3860170543193817,nan,1.0122120380401611,0.1844044178724289,98
TAME (scalar gate),594,0.8226449275362319,0.8629822066202266,0.6641102300792928,0.7318763326226012,0.23681196570396423,0.5074113607406616,0.25577670335769653,nan,0.9709213972091675,0.19288095831871033,112
TAME (scalar gate),643,0.8251811594202898,0.8762465500198297,0.6897016027450811,0.7313432835820896,0.3698323667049408,0.28903433680534363,0.3411332666873932,nan,1.0381373167037964,0.21510213613510132,99
TAME (scalar gate),455,0.8132246376811594,0.8774537063789812,0.6973684210526315,0.7340085287846482,0.3322986960411072,0.316649466753006,0.35105177760124207,nan,1.0414413213729858,0.22666074335575104,82
TAME (scalar gate),723,0.8228260869565218,0.8648773103544098,0.6968961331714929,0.7151741293532339,0.24484166502952576,0.4215735197067261,0.33358484506607056,nan,1.023236632347107,0.21730013191699982,62
TAME (scalar gate),964,0.8092391304347827,0.8580953116796035,0.7345905360572726,0.7533759772565743,0.3613976836204529,0.29306668043136597,0.34553563594818115,nan,1.000199556350708,0.18740952014923096,90
TAME (scalar gate),335,0.8251811594202899,0.8598222143837146,0.7282755613690866,0.7338308457711442,0.23605012893676758,0.38811373710632324,0.37583616375923157,nan,0.9959708452224731,0.18383491039276123,83
TAME (scalar gate),716,0.8282608695652173,0.8732630762150029,0.6837177041789493,0.7295664534470505,0.30635976791381836,0.3497530221939087,0.34388723969459534,nan,1.0340861082077026,0.21952834725379944,119
TAME (scalar gate),127,0.8210144927536233,0.8684380026448942,0.6578354978354979,0.724413646055437,0.29682984948158264,0.39487600326538086,0.3082941174507141,nan,1.0214017629623413,0.21643349528312683,69
TAME (scalar gate),669,0.8143115942028986,0.8638313856141195,0.6292682926829268,0.7377398720682303,0.2456427365541458,0.40797242522239685,0.3463848829269409,nan,1.0313712358474731,0.21521936357021332,67
TAME (scalar gate),323,0.8188405797101449,0.8645485808889655,0.6494800504720881,0.7368514570007108,0.2664175033569336,0.414487361907959,0.3190951347351074,nan,1.006373643875122,0.2001822292804718,97
TAME (scalar gate),81,0.8362318840579711,0.8703221369649958,0.7364314201491243,0.7157071783937455,0.2820916473865509,0.3031771779060364,0.41473114490509033,nan,1.0128357410430908,0.178544282913208,67
TAME (scalar gate),553,0.8114130434782609,0.8537623979025781,0.6775059536696255,0.7174840085287847,0.3178645074367523,0.3430202603340149,0.3391152322292328,nan,1.0007858276367188,0.1849474161863327,94
TAME (scalar gate),414,0.8141304347826086,0.8646782246809928,0.670995670995671,0.738095238095238,0.286336749792099,0.36698243021965027,0.34668079018592834,nan,1.0161699056625366,0.19283266365528107,71
TAME (scalar gate),819,0.7989130434782609,0.8567290995932176,0.7156158900056564,0.7318763326226013,0.33351877331733704,0.33271118998527527,0.3337700068950653,nan,1.0363906621932983,0.21726281940937042,85
TAME-Fusion (scalar gate),429,0.8284420289855072,0.8677994737630501,0.6230257146586607,0.7165955934612651,nan,nan,0.4877774715423584,0.5122225880622864,0.6882613301277161,0.461688369512558,76
TAME-Fusion (scalar gate),922,0.7956521739130435,0.8484133909246326,0.6447368421052632,0.7094882729211087,nan,nan,0.4974042773246765,0.5025957226753235,0.6873711347579956,0.45569750666618347,81
TAME-Fusion (scalar gate),979,0.8166666666666667,0.8655080156465346,0.7165040121448709,0.744136460554371,nan,nan,0.5134308934211731,0.4865691363811493,0.688899576663971,0.46362578868865967,68
TAME-Fusion (scalar gate),445,0.7603260869565218,0.8295851038064734,0.7018013197788479,0.7414712153518123,nan,nan,0.4762052297592163,0.5237947702407837,0.6859853267669678,0.45234397053718567,85
TAME-Fusion (scalar gate),419,0.8128623188405797,0.857791391393936,0.6129938542581211,0.728500355366027,nan,nan,0.4910353720188141,0.5089645981788635,0.6875945925712585,0.4571565091609955,105
TAME-Fusion (scalar gate),739,0.7760869565217392,0.8549109293920397,0.7092679533994088,0.7130419331911869,nan,nan,0.48265233635902405,0.5173476338386536,0.6877270340919495,0.45955780148506165,79
TAME-Fusion (scalar gate),148,0.81231884057971,0.860974175378377,0.7100745621640367,0.746090973702914,nan,nan,0.48725518584251404,0.5127448439598083,0.6843183636665344,0.44512251019477844,59
TAME-Fusion (scalar gate),315,0.7923913043478261,0.8329441660971384,0.5391474942036739,0.7343638948116559,nan,nan,0.5012279152870178,0.49877211451530457,0.6897618174552917,0.46741166710853577,74
TAME-Fusion (scalar gate),156,0.7827898550724638,0.8344192141908255,0.6828377673448096,0.7352523098791756,nan,nan,0.5064167976379395,0.49358317255973816,0.6883979439735413,0.46032285690307617,74
TAME-Fusion (scalar gate),656,0.768840579710145,0.829958692123982,0.7227634681258064,0.7181947405828003,nan,nan,0.49722224473953247,0.5027778148651123,0.6866238713264465,0.4520624876022339,81
TAME-Fusion (scalar gate),169,0.7844202898550724,0.8411667762562471,0.5584357541899441,0.7396943852167733,nan,nan,0.529586136341095,0.47041386365890503,0.6874942183494568,0.45629942417144775,102
TAME-Fusion (scalar gate),475,0.7532608695652174,0.8339153167160038,0.7001972386587771,0.751954513148543,nan,nan,0.4790201187133789,0.5209798812866211,0.688520610332489,0.4628952741622925,120
TAME-Fusion (scalar gate),392,0.8010869565217392,0.8677847540414927,0.7282755613690866,0.7567519545131485,nan,nan,0.5055094361305237,0.4944905638694763,0.6858957409858704,0.45206218957901,105
TAME-Fusion (scalar gate),763,0.7976449275362318,0.8398208626687952,0.6511799090712276,0.7197938877043355,nan,nan,0.47921743988990784,0.5207825899124146,0.6865484714508057,0.4515104591846466,64
TAME-Fusion (scalar gate),359,0.7952898550724639,0.8421933306692874,0.611421638719182,0.7414712153518124,nan,nan,0.4959412217140198,0.504058837890625,0.6869034171104431,0.45400676131248474,75
TAME-Fusion (scalar gate),633,0.8262681159420289,0.8790368492603648,0.7547852626989318,0.7260127931769722,nan,nan,0.47023531794548035,0.529764711856842,0.6869176030158997,0.4557182490825653,92
TAME-Fusion (scalar gate),824,0.7998188405797102,0.8615586049343947,0.711600405948021,0.7512437810945274,nan,nan,0.46753889322280884,0.5324611067771912,0.6860560178756714,0.45142224431037903,84
TAME-Fusion (scalar gate),183,0.7556159420289855,0.830657335624988,0.611421638719182,0.7315209665955934,nan,nan,0.5153536796569824,0.4846463203430176,0.6890096068382263,0.46287667751312256,96
TAME-Fusion (scalar gate),830,0.8016304347826088,0.8580824557619077,0.6897016027450811,0.7452025586353944,nan,nan,0.4981744885444641,0.5018254518508911,0.6876579523086548,0.4582309424877167,92
TAME-Fusion (scalar gate),963,0.7918478260869566,0.8524020593794905,0.7301136363636364,0.7409381663113007,nan,nan,0.4764782190322876,0.5235217809677124,0.6871451735496521,0.46039772033691406,80
TAME-Fusion (scalar gate),212,0.8027173913043478,0.8426399583564187,0.6573608461938616,0.720504619758351,nan,nan,0.49993374943733215,0.5000662207603455,0.6879076361656189,0.4573356807231903,72
TAME-Fusion (scalar gate),886,0.7802536231884057,0.8545882767671611,0.690893015030946,0.722636815920398,nan,nan,0.47427135705947876,0.5257286429405212,0.6838452816009521,0.4466679096221924,98
TAME-Fusion (scalar gate),846,0.7871376811594203,0.8359445805874225,0.6970099667774087,0.7759417199715707,nan,nan,0.4870131015777588,0.5129868984222412,0.6884667277336121,0.46169978380203247,79
TAME-Fusion (scalar gate),118,0.7860507246376812,0.8399331936465033,0.6772823779193206,0.7530206112295664,nan,nan,0.5226299166679382,0.4773700535297394,0.6885588765144348,0.45898887515068054,66
TAME-Fusion (scalar gate),158,0.7677536231884058,0.8331145598772003,0.6511799090712276,0.7276119402985074,nan,nan,0.507612943649292,0.4923870265483856,0.6896974444389343,0.4667470157146454,84
TAME-Fusion (scalar gate),771,0.7443840579710146,0.826417476548256,0.5758139534883722,0.7293887704335466,nan,nan,0.5139029026031494,0.486097127199173,0.6879497170448303,0.45839443802833557,79
TAME-Fusion (scalar gate),772,0.745108695652174,0.8189613628890446,0.6815086432687271,0.7114427860696517,nan,nan,0.4582427144050598,0.5417572259902954,0.6832987070083618,0.4437059760093689,85
TAME-Fusion (scalar gate),184,0.7780797101449275,0.8436748477965796,0.6965277777777779,0.7373845060412225,nan,nan,0.4993922710418701,0.5006077289581299,0.6895096302032471,0.46558719873428345,99
TAME-Fusion (scalar gate),722,0.8161231884057971,0.8539627961395145,0.7393483709273183,0.7739872068230277,nan,nan,0.499028742313385,0.5009713172912598,0.6869147419929504,0.4572156071662903,76
TAME-Fusion (scalar gate),140,0.7952898550724637,0.8539172409739966,0.6641102300792928,0.7489339019189765,nan,nan,0.5035104155540466,0.496489554643631,0.6867464780807495,0.4533921778202057,87
TAME-Fusion (scalar gate),239,0.8041666666666667,0.8542099399015133,0.7259816207184628,0.7489339019189766,nan,nan,0.5191960334777832,0.4808039367198944,0.6884651184082031,0.4589768946170807,75
TAME-Fusion (scalar gate),518,0.8097826086956522,0.8528946354394615,0.6643429313704265,0.7073560767590619,nan,nan,0.49068182706832886,0.5093181729316711,0.6884199976921082,0.4610760509967804,65
TAME-Fusion (scalar gate),690,0.8195652173913044,0.8467252153864571,0.5863037752414398,0.714463397299218,nan,nan,0.4930858016014099,0.5069141983985901,0.6875776052474976,0.4574832022190094,74
TAME-Fusion (scalar gate),480,0.7958333333333334,0.8521422992860603,0.5923141186299081,0.7256574271499644,nan,nan,0.5022587180137634,0.4977412819862366,0.6854222416877747,0.44935768842697144,74
TAME-Fusion (scalar gate),507,0.761231884057971,0.8303557211488423,0.6310039882087741,0.7356076759061834,nan,nan,0.4824775457382202,0.5175224542617798,0.688977837562561,0.4647386074066162,97
TAME-Fusion (scalar gate),287,0.8244565217391304,0.8766305053091317,0.5983086680761099,0.7334754797441364,nan,nan,0.5217037796974182,0.4782962501049042,0.6844978332519531,0.44356513023376465,38
TAME-Fusion (scalar gate),875,0.798913043478261,0.8379002128987543,0.6018858040859087,0.7533759772565742,nan,nan,0.46214941143989563,0.537850558757782,0.6854901909828186,0.45039695501327515,73
TAME-Fusion (scalar gate),720,0.8014492753623189,0.8532617303465931,0.7374086378737541,0.734363894811656,nan,nan,0.47257450222969055,0.5274255275726318,0.6822443008422852,0.44192200899124146,71
TAME-Fusion (scalar gate),596,0.8242753623188405,0.8763559218111159,0.6772823779193206,0.7519545131485431,nan,nan,0.4905742108821869,0.5094257593154907,0.6873996257781982,0.45590993762016296,89
TAME-Fusion (scalar gate),759,0.8045289855072464,0.8617613048984387,0.7033181522446323,0.7642146410803127,nan,nan,0.46716707944869995,0.5328329205513,0.6860169172286987,0.45040449500083923,96
TAME-Fusion (scalar gate),932,0.7907608695652174,0.8356456392306097,0.5875350140056022,0.7210376687988629,nan,nan,0.5323838591575623,0.46761611104011536,0.6866526007652283,0.45338889956474304,77
TAME-Fusion (scalar gate),835,0.8141304347826087,0.8756386874973193,0.7250143405550897,0.7359630419331913,nan,nan,0.4990707337856293,0.5009292960166931,0.6826412081718445,0.43944716453552246,60
TAME-Fusion (scalar gate),523,0.8148550724637681,0.8682177542689902,0.6576576576576576,0.7391613361762615,nan,nan,0.4882983863353729,0.5117016434669495,0.6887157559394836,0.4619593322277069,67
TAME-Fusion (scalar gate),385,0.808695652173913,0.8517247489976538,0.7029057898623117,0.7473347547974414,nan,nan,0.4860472083091736,0.5139527320861816,0.6889212131500244,0.46532198786735535,77
TAME-Fusion (scalar gate),412,0.795108695652174,0.8567505626612419,0.7214748603351955,0.747867803837953,nan,nan,0.46755385398864746,0.5324461460113525,0.6869510412216187,0.45401689410209656,77
TAME-Fusion (scalar gate),464,0.7947463768115942,0.8411997725904936,0.6373888527434396,0.7604832977967306,nan,nan,0.48685702681541443,0.5131429433822632,0.6864204406738281,0.44997936487197876,65
TAME-Fusion (scalar gate),620,0.7931159420289855,0.8381148019879376,0.6644591611479029,0.7491115849324805,nan,nan,0.5090720653533936,0.49092793464660645,0.6864413619041443,0.45280370116233826,87
TAME-Fusion (scalar gate),65,0.8094202898550724,0.8726358134716174,0.7356981394540081,0.7535536602700782,nan,nan,0.4949716627597809,0.5050283670425415,0.6851531863212585,0.4492686092853546,103
TAME-Fusion (scalar gate),695,0.7557971014492754,0.8270099183957307,0.5152495171360554,0.7229921819474058,nan,nan,0.5007597804069519,0.4992401897907257,0.6884680390357971,0.46289849281311035,120
TAME-Fusion (scalar gate),222,0.8244565217391304,0.8765354466006947,0.7205882352941176,0.7363184079601991,nan,nan,0.5122556686401367,0.48774436116218567,0.6866316199302673,0.45368748903274536,85
TAME-Fusion (scalar gate),591,0.8088768115942028,0.863958058524386,0.7097222222222221,0.7654584221748402,nan,nan,0.49142390489578247,0.5085760951042175,0.6858418583869934,0.45050206780433655,94
TAME-Fusion (scalar gate),893,0.782427536231884,0.8384888576815961,0.7322057787174067,0.7414712153518124,nan,nan,0.4933929443359375,0.5066070556640625,0.6892059445381165,0.4660092294216156,66
TAME-Fusion (scalar gate),959,0.7769927536231884,0.8256525691755727,0.580276134122288,0.720682302771855,nan,nan,0.5129048824310303,0.4870951175689697,0.6892642974853516,0.4634740948677063,75
TAME-Fusion (scalar gate),353,0.794021739130435,0.8591165755134715,0.6987930102684201,0.7459132906894101,nan,nan,0.477863073348999,0.522136926651001,0.6856890916824341,0.45167404413223267,71
TAME-Fusion (scalar gate),422,0.827355072463768,0.8655178839876992,0.6008403361344539,0.7325870646766168,nan,nan,0.5180906653404236,0.4819093346595764,0.6879516243934631,0.45770472288131714,59
TAME-Fusion (scalar gate),450,0.7871376811594203,0.8500371961258586,0.6643429313704265,0.756041222459133,nan,nan,0.4760477840900421,0.5239521861076355,0.6830172538757324,0.44464004039764404,79
TAME-Fusion (scalar gate),856,0.8431159420289855,0.8865885707407853,0.5562143466738535,0.7356076759061834,nan,nan,0.49969482421875,0.50030517578125,0.6888754367828369,0.4634419083595276,71
TAME-Fusion (scalar gate),471,0.8014492753623189,0.8438539844699933,0.6769464324441552,0.7039800995024875,nan,nan,0.5215581655502319,0.47844186425209045,0.6854572296142578,0.4466497600078583,56
TAME-Fusion (scalar gate),672,0.8141304347826086,0.8528238402061759,0.6776176254166126,0.7528429282160625,nan,nan,0.5123673677444458,0.4876326620578766,0.6857313513755798,0.452440470457077,90
TAME-Fusion (scalar gate),713,0.8108695652173913,0.8643344315422012,0.6775059536696255,0.7606609808102345,nan,nan,0.4844723045825958,0.5155276656150818,0.6878198385238647,0.4576854705810547,86
TAME-Fusion (scalar gate),373,0.7925724637681159,0.8531892944331919,0.7029057898623117,0.7494669509594883,nan,nan,0.45791834592819214,0.5420816540718079,0.6851944923400879,0.4498065710067749,67
TAME-Fusion (scalar gate),342,0.8202898550724639,0.8669497133476367,0.7167988214394038,0.7668798862828714,nan,nan,0.45605388283729553,0.5439461469650269,0.6815966963768005,0.4376671314239502,81
TAME-Fusion (scalar gate),698,0.8009057971014494,0.8581094999945699,0.6380168867720286,0.7512437810945274,nan,nan,0.46114590764045715,0.5388541221618652,0.6858975291252136,0.4527117908000946,85
TAME-Fusion (scalar gate),74,0.8108695652173912,0.8556239878297014,0.6141456582633054,0.7242359630419333,nan,nan,0.46952345967292786,0.5304765701293945,0.6869878172874451,0.45733991265296936,66
TAME-Fusion (scalar gate),636,0.8057971014492754,0.8628592465642457,0.7486480446927375,0.7412935323383084,nan,nan,0.46481016278266907,0.5351898670196533,0.6874929070472717,0.4561065137386322,78
TAME-Fusion (scalar gate),681,0.7992753623188407,0.8648746471923932,0.7214748603351955,0.7276119402985073,nan,nan,0.4998708665370941,0.5001291036605835,0.6885822415351868,0.4618286192417145,70
TAME-Fusion (scalar gate),776,0.8152173913043478,0.8626292214546598,0.7250143405550897,0.7510660980810234,nan,nan,0.44257819652557373,0.5574218034744263,0.6826624870300293,0.4391328990459442,80
TAME-Fusion (scalar gate),78,0.8139492753623189,0.8655928083680666,0.6960528603721092,0.7592395167022032,nan,nan,0.4631626009941101,0.5368374586105347,0.6839518547058105,0.44604483246803284,73
TAME-Fusion (scalar gate),260,0.7519927536231885,0.8220436128954379,0.603547209181012,0.7299218194740582,nan,nan,0.47437772154808044,0.5256223082542419,0.6864953637123108,0.45674648880958557,91
TAME-Fusion (scalar gate),96,0.7963768115942028,0.8564986564219947,0.7261754638803819,0.744136460554371,nan,nan,0.4785933196544647,0.5214066505432129,0.689426064491272,0.46616697311401367,82
TAME-Fusion (scalar gate),918,0.7940217391304348,0.8602080707678613,0.6708246708246708,0.7494669509594882,nan,nan,0.46492999792099,0.5350699424743652,0.6848686337471008,0.4467035233974457,98
TAME-Fusion (scalar gate),714,0.7788043478260871,0.8308528683812724,0.6097985467519471,0.7357853589196873,nan,nan,0.5235785245895386,0.4764214754104614,0.68623286485672,0.45042628049850464,84
TAME-Fusion (scalar gate),42,0.807427536231884,0.8497990989173771,0.6292682926829268,0.7510660980810234,nan,nan,0.5050114393234253,0.4949885606765747,0.6884340047836304,0.4609931409358978,68
TAME-Fusion (scalar gate),778,0.797463768115942,0.847139370503655,0.45367128786817906,0.7425373134328358,nan,nan,0.4792007505893707,0.5207992792129517,0.6850388050079346,0.44979235529899597,73
TAME-Fusion (scalar gate),660,0.7820652173913043,0.8410364924147185,0.4107681263460158,0.7286780383795309,nan,nan,0.545272946357727,0.45472708344459534,0.6864414811134338,0.44887223839759827,81
TAME-Fusion (scalar gate),431,0.8134057971014493,0.8698032492613843,0.7224830464267084,0.7444918265813788,nan,nan,0.49448901414871216,0.5055109858512878,0.685775637626648,0.4506152272224426,73
TAME-Fusion (scalar gate),804,0.8065217391304348,0.842663383654799,0.7080495896629999,0.7402274342572851,nan,nan,0.5073492527008057,0.49265071749687195,0.688900351524353,0.4627663195133209,68
TAME-Fusion (scalar gate),186,0.8135869565217391,0.8563478623807861,0.6965277777777779,0.7444918265813789,nan,nan,0.4789124131202698,0.5210875868797302,0.6880016326904297,0.4608919620513916,70
TAME-Fusion (scalar gate),347,0.8043478260869564,0.8562827262377721,0.6960528603721092,0.7418265813788202,nan,nan,0.4883304238319397,0.5116695761680603,0.6831758618354797,0.44122007489204407,66
TAME-Fusion (scalar gate),60,0.8295289855072463,0.8757752227628643,0.7622346368715084,0.7345415778251599,nan,nan,0.4753686189651489,0.5246313810348511,0.687809944152832,0.4617590606212616,74
TAME-Fusion (scalar gate),86,0.790036231884058,0.8459749143820924,0.6578354978354979,0.751954513148543,nan,nan,0.4641389548778534,0.5358610153198242,0.6842289566993713,0.4467445909976959,76
TAME-Fusion (scalar gate),461,0.808876811594203,0.8719334346408757,0.6837177041789493,0.751776830135039,nan,nan,0.4943719208240509,0.5056280493736267,0.688396692276001,0.4631370007991791,87
TAME-Fusion (scalar gate),889,0.7617753623188406,0.8244292207664097,0.5425594034945874,0.7062899786780383,nan,nan,0.477886825799942,0.5221131443977356,0.6870850920677185,0.458316832780838,92
TAME-Fusion (scalar gate),397,0.8001811594202898,0.8534363950563616,0.5043478260869565,0.6823027718550106,nan,nan,0.536974310874939,0.46302562952041626,0.6851204633712769,0.4480333626270294,87
TAME-Fusion (scalar gate),309,0.8119565217391304,0.8748115874518643,0.7490829053558328,0.7173063255152807,nan,nan,0.4894016683101654,0.510598361492157,0.687504768371582,0.45871296525001526,63
TAME-Fusion (scalar gate),798,0.7809782608695652,0.8494165695963658,0.7153558052434457,0.738450604122246,nan,nan,0.4722665846347809,0.5277333855628967,0.6865716576576233,0.4542199373245239,109
TAME-Fusion (scalar gate),594,0.7932971014492755,0.8620627761179498,0.7224830464267084,0.7482231698649608,nan,nan,0.5119263529777527,0.4880736470222473,0.6900598406791687,0.46819451451301575,84
TAME-Fusion (scalar gate),643,0.7702898550724638,0.838795330149161,0.6992481203007519,0.7364960909737028,nan,nan,0.5081456303596497,0.4918544292449951,0.6881011724472046,0.4584365785121918,84
TAME-Fusion (scalar gate),455,0.8018115942028985,0.8661826537527844,0.5863037752414398,0.7434257285003554,nan,nan,0.5082840323448181,0.4917159378528595,0.6846539974212646,0.44554901123046875,103
TAME-Fusion (scalar gate),723,0.8132246376811594,0.8652458182119389,0.6573608461938616,0.7786069651741293,nan,nan,0.5129450559616089,0.4870549440383911,0.6863880157470703,0.45413753390312195,92
TAME-Fusion (scalar gate),964,0.804891304347826,0.8634727422546637,0.7213200628601362,0.7208599857853589,nan,nan,0.5004128813743591,0.49958714842796326,0.6904826164245605,0.4708307087421417,72
TAME-Fusion (scalar gate),335,0.7864130434782609,0.8539705445676086,0.670995670995671,0.7594171997157071,nan,nan,0.5422378182411194,0.4577621519565582,0.6846637725830078,0.44447922706604004,81
TAME-Fusion (scalar gate),716,0.8010869565217391,0.8630290579054561,0.6441824172013177,0.7409381663113005,nan,nan,0.4774283468723297,0.5225715637207031,0.6876211762428284,0.4593335688114166,80
TAME-Fusion (scalar gate),127,0.7804347826086957,0.8426609649069587,0.7166193181818181,0.7388059701492536,nan,nan,0.4713910222053528,0.5286089181900024,0.6866480708122253,0.4548187255859375,72
TAME-Fusion (scalar gate),669,0.8137681159420289,0.8491449867476777,0.6008403361344539,0.7434257285003554,nan,nan,0.5165585279464722,0.48344147205352783,0.6885528564453125,0.4611991345882416,73
TAME-Fusion (scalar gate),323,0.802536231884058,0.8552259726861188,0.7023887220989427,0.7293887704335466,nan,nan,0.48237231373786926,0.5176276564598083,0.688023030757904,0.45886215567588806,59
TAME-Fusion (scalar gate),81,0.8387681159420289,0.883271861358054,0.7605042016806722,0.7174840085287846,nan,nan,0.5080887079238892,0.49191126227378845,0.6885316371917725,0.46056342124938965,58
TAME-Fusion (scalar gate),553,0.8202898550724638,0.8692181443774779,0.6837177041789493,0.7771855010660981,nan,nan,0.5060117244720459,0.4939882755279541,0.6874731779098511,0.4555698335170746,73
TAME-Fusion (scalar gate),414,0.7961956521739131,0.8561895508202285,0.6769464324441552,0.7272565742714996,nan,nan,0.5041804313659668,0.4958195984363556,0.6858170628547668,0.45180177688598633,67
TAME-Fusion (scalar gate),819,0.7855072463768116,0.8388642379911744,0.6775059536696255,0.757818052594172,nan,nan,0.48125341534614563,0.518746554851532,0.6882727742195129,0.4607158899307251,72
